title,authors,year,citations
cBinderDB: a covalent binding agent database,"Jiewen Du, Xin Yan, Zhihong Liu, Lu Cui, Peng Ding ...",2016.0,
Xenolog classification,"Charlotte A Darby, Maureen Stolzer, Patrick J Ropp, Daniel Barker, Dannie Durand",2016.0,
Mutual enrichment in aggregated ranked lists with applications to gene expression regulation,"Dalia Cohn-Alperovich, Alona Rabner, Ilona Kifer, Yael Mandel-Gutfreund, Zohar Yakhini",2016.0,3.0
The discordant method: a novel approach for differential correlation,"Charlotte Siska, Russell Bowler, Katerina Kechris",2016.0,20.0
An integer programming framework for inferring disease complexes from network data,"Arnon Mazza, Konrad Klockmeier, Erich Wanker, Roded Sharan",2016.0,13.0
PhagesDB: the actinobacteriophage database,"Daniel A Russell, Graham F Hatfull",2016.0,
EGAD: ultra-fast functional analysis of gene networks,"Sara Ballouz, Melanie Weber, Paul Pavlidis, Jesse Gillis",2016.0,
Recognizing metal and acid radical ion-binding sites by integrating ab initio modeling with template-based transferals,"X. Hu, Q. Dong, J. Yang, Y. Zhang",2016.0,57.0
ReconMap: an interactive visualization of human metabolism,"Alberto Noronha, Anna Dröfn Daníelsdóttir, Piotr Gawron, Freyr Jóhannsson, Soffía Jónsdóttir ...",2016.0,
gargammel: a sequence simulator for ancient DNA,"Gabriel Renaud, Kristian Hanghøj, Eske Willerslev, Ludovic Orlando",2016.0,
A Cytoscape app for motif enumeration with ISMAGS,"Thomas Van Parys, Ine Melckenbeeck, Maarten Houbraken, Pieter Audenaert, Didier Colle ...",2016.0,
Detecting subnetwork-level dynamic correlations,"Yan Yan, Shangzhao Qiu, Zhuxuan Jin, Sihong Gong, Yun Bai ...",2016.0,
LongISLND: in silico sequencing of lengthy and noisy datatypes,"Bayo Lau, Marghoob Mohiyuddin, John C. Mu, Li Tai Fang, Narges Bani Asadi ...",2016.0,21.0
AKT: ancestry and kinship toolkit,"Rudy Arthur, Ole Schulz-Trieglaff, Anthony J Cox, Jared O’Connell",2016.0,
RiboDiff: detecting changes of mRNA translation efficiency from ribosome footprints,"Yi Zhong, Theofanis Karaletsos, Philipp Drewe, Vipin T Sreedharan, David Kuo ...",2016.0,
MPRAnator: a web-based tool for the design of massively parallel reporter assay experiments,"Ilias Georgakopoulos-Soares, Naman Jain, Jesse M Gray, Martin Hemberg",2016.0,
Detecting horizontal gene transfer by mapping sequencing reads across species boundaries,"Kathrin Trappe, Tobias Marschall, Bernhard Y. Renard",2016.0,18.0
Pathway-based approach using hierarchical components of collapsed rare variants,"Sungyoung Lee, Sungkyoung Choi, Young Jin Kim, Bong-Jo Kim, T2d-Genes Consortium ...",2016.0,28.0
Gene-set association tests for next-generation sequencing data,"Jaehoon Lee, Young Jin Kim, Juyoung Lee, T2D-Genes Consortium, Bong-Jo Kim ...",2016.0,5.0
Simultaneous discovery of cancer subtypes and subtype features by molecular data integration,"Thanh Le Van, Matthijs van Leeuwen, Ana Carolina Fierro, Dries De Maeyer, Jimmy Van den Eynden ...",2016.0,26.0
Simulated linear test applied to quantitative proteomics,"TV Pham, CR Jimenez",2016.0,1.0
A probabilistic model for detecting rigid domains in protein structures,"Thach Nguyen, Michael Habeck",2016.0,4.0
PEPSI-Dock: a detailed data-driven protein–protein interaction potential accelerated by polar Fourier correlation,"Emilie Neveu, David W Ritchie, Petr Popov, Sergei Grudinin",2016.0,18.0
Information-optimal genome assembly via sparse read-overlap graphs,"Ilan Shomorony, Samuel H Kim, Thomas A Courtade, David N C Tse",2016.0,13.0
Extending partial haplotypes to full genome haplotypes using chromosome conformation capture data,"Shay Ben-Elazar, Benny Chor, Zohar Yakhini",2016.0,17.0
Characterizing leader sequences of CRISPR loci,"Omer S Alkhnbashi, Shiraz A Shah, Roger A Garrett, Sita J Saunders, Fabrizio Costa ...",2016.0,
CoLoRMap: Correcting Long Reads by Mapping short reads,"Ehsan Haghshenas, Faraz Hach, S Cenk Sahinalp, Cedric Chauve",2016.0,41.0
Edge-based sensitivity analysis of signaling networks by using Boolean dynamics,"Hung-Cuong Trinh, Yung-Keun Kwon",2016.0,6.0
iReMet-flux: constraint-based approach for integrating relative metabolite levels into a stoichiometric metabolic models,"Max Sajitz-Hermstein, Nadine Töpfer, Sabrina Kleessen, Alisdair R Fernie, Zoran Nikoloski",2016.0,16.0
LuxGLM: a probabilistic covariate model for quantification of DNA methylation modifications with complex experimental designs,"Tarmo Äijö, Xiaojing Yue, Anjana Rao, Harri Lähdesmäki",2016.0,9.0
Bayesian parameter estimation for the Wnt pathway: an infinite mixture models approach,"Konstantinos Koutroumpas, Paolo Ballarini, Irene Votsi, Paul-Henry Cournède",2016.0,13.0
Complementary feature selection from alternative splicing events and gene expression for phenotype prediction,"Charles J Labuzzetta, Margaret L Antonio, Patricia M Watson, Robert C Wilson, Lauren A Laboissonniere ...",2016.0,7.0
Estimating real cell size distribution from cross-section microscopy imaging,"Michael Lenz, Nadia JT Roumans, Roel G Vink, Marleen A van Baak, Edwin CM Mariman ...",2016.0,13.0
Higher order methylation features for clustering and prediction in epigenomic studies,"Chantriolnt-Andreas Kapourani, Guido Sanguinetti",2016.0,30.0
Mutual enrichment in aggregated ranked lists with applications to gene expression regulation,"Dalia Cohn-Alperovich, Alona Rabner, Ilona Kifer, Yael Mandel-Gutfreund, Zohar Yakhini",2016.0,3.0
The Network Library: a framework to rapidly integrate network biology resources,"Georg Summer, Thomas Kelder, Marijana Radonjic, Marc van Bilsen, Suzan Wopereis ...",2016.0,9.0
GTRAC: fast retrieval from compressed collections of genomic variants,"Kedar Tatwawadi, Mikel Hernaez, Idoia Ochoa, Tsachy Weissman",2016.0,15.0
Combining dependent P-values with an empirical adaptation of Brown’s method,"William Poole, David L Gibbs, Ilya Shmulevich, Brady Bernard, Theo A Knijnenburg",2016.0,79.0
Patterns of amino acid conservation in human and animal immunodeficiency viruses,"Olga S Voitenko, Andi Dhroso, Anna Feldmann, Dmitry Korkin, Olga V Kalinina",2016.0,4.0
SWORD—a highly efficient protein database search,"Robert Vaser, Dario Pavlović, Mile Šikić",2016.0,15.0
ModuleAlign: module-based global alignment of protein–protein interaction networks,"Somaye Hashemifar, Jianzhu Ma, Hammad Naveed, Stefan Canzar, Jinbo Xu",2016.0,35.0
TANDEM: a two-stage approach to maximize interpretability of drug response models based on multiple molecular data types,"Nanne Aben, Daniel J Vis, Magali Michaut, Lodewyk FA Wessels",2016.0,49.0
Genome wide predictions of miRNA regulation by transcription factors,"Matthew Ruffalo, Ziv Bar-Joseph",2016.0,10.0
Assemble CRISPRs from metagenomic sequencing data,"Jikai Lei, Yanni Sun",2016.0,
Improve homology search sensitivity of PacBio data by correcting frameshifts,"Nan Du, Yanni Sun",2016.0,11.0
MetaProb: accurate metagenomic reads binning based on probabilistic sequence signatures,"Samuele Girotto, Cinzia Pizzi, Matteo Comin",2016.0,36.0
ECCB 2016 ORGANIZATION,,2016.0,
ECCB 2016: The 15th European Conference on Computational Biology,"On behalf of the ECCB 2016 Local Steering Committee, Jaap Heringa, (ECCB 2016 Conference Chair), Marcel Reinders, (ECCB 2016 Co-Chair and Programme Committee Chair), Sanne Abeln, (ECCB 2016 Proceedings Chair and Programme Committee Co-chair), Jeroen de Ridder, (ECCB 2016 Highlights Chair and Programme Committee Co-chair)",2016.0,2.0
Author Index,,2016.0,4.0
A unified model based multifactor dimensionality reduction framework for detecting gene–gene interactions,"Wenbao Yu, Seungyeoun Lee, Taesung Park",2016.0,21.0
Snowball: strain aware gene assembly of metagenomes,"I. Gregor, A. Schönhuth, A. C. McHardy",2016.0,11.0
DeepChrome: deep-learning for predicting gene expression from histone modifications,"Ritambhara Singh, Jack Lanchantin, Gabriel Robins, Yanjun Qi",2016.0,148.0
XGSA: A statistical method for cross-species gene set analysis,"Djordje Djordjevic, Kenro Kusumi, Joshua W K Ho",2016.0,12.0
Drug response prediction by inferring pathway-response associations with kernelized Bayesian matrix factorization,"Muhammad Ammad-ud-din, Suleiman A. Khan, Disha Malani, Astrid Murumägi, Olli Kallioniemi ...",2016.0,45.0
PRED-TMBB2: improved topology prediction and detection of beta-barrel outer membrane proteins,"Konstantinos D Tsirigos, Arne Elofsson, Pantelis G Bagos",2016.0,50.0
AUCpreD: proteome-level protein disorder prediction by AUC-maximized deep convolutional neural fields,"Sheng Wang, Jianzhu Ma, Jinbo Xu",2016.0,52.0
PeakXus: comprehensive transcription factor binding site discovery from ChIP-Nexus and ChIP-Exo experiments,"Tuomo Hartonen, Biswajyoti Sahu, Kashyap Dave, Teemu Kivioja, Jussi Taipale",2016.0,11.0
Optimization of signal-to-noise ratio for efficient microarray probe design,"Olga V. Matveeva, Yury D. Nechipurenko, Evgeniy Riabenko, Chikako Ragan, Nafisa N. Nazipova ...",2016.0,8.0
"PanTools: representation, storage and exploration of pan-genomic data","Siavash Sheikhizadeh, M. Eric Schranz, Mehmet Akdel, Dick de Ridder, Sandra Smit",2016.0,30.0
Logical model specification aided by model-checking techniques: application to the mammalian cell cycle regulation,"Pauline Traynard, Adrien Fauré, François Fages, Denis Thieffry",2016.0,30.0
Large-scale inference of conjunctive Bayesian networks,"Hesam Montazeri, Jack Kuipers, Roger Kouyos, Jürg Böni, Sabine Yerly ...",2016.0,6.0
Fast genotyping of known SNPs through approximate k-mer matching,"Ariya Shajii, Deniz Yorukoglu, Yun William Yu, Bonnie Berger",2016.0,
A weighted exact test for mutually exclusive mutations in cancer,"Mark DM Leiserson, Matthew A Reyna, Benjamin J Raphael",2016.0,36.0
A program for verification of phylogenetic network models,"Andreas DM Gunawan, Bingxin Lu, Louxin Zhang",2016.0,
On cross-conditional and fluctuation correlations in competitive RNA networks,"Daniel Sánchez-Taltavull, Matthew MacLeod, Theodore J Perkins",2016.0,4.0
MSAProbs-MPI: parallel multiple sequence aligner for distributed-memory systems,"Jorge González-Domínguez, Yongchao Liu, Juan Touriño, Bertil Schmidt",2016.0,27.0
Imbalanced multi-label learning for identifying antimicrobial peptides and their functional types,"Weizhong Lin, Dong Xu",2016.0,37.0
DOMINO: development of informative molecular markers for phylogenetic and genome-wide population genetic studies in non-model organisms,"Cristina Frías-López, José F. Sánchez-Herrero, Sara Guirao-Rico, Elisa Mora, Miquel A. Arnedo ...",2016.0,4.0
KScons: a Bayesian approach for protein residue contact prediction using the knob-socket model of protein tertiary structure,"Qiwei Li, David B. Dahl, Marina Vannucci, Hyun Joo, Jerry W. Tsai",2016.0,4.0
Fast-SNP: a fast matrix pre-processing algorithm for efficient loopless flux optimization of metabolic models,"Pedro A. Saa, Lars K. Nielsen",2016.0,16.0
Discoal: flexible coalescent simulations with selection,"Andrew D. Kern, Daniel R. Schrider",2016.0,
Assembly-based inference of B-cell receptor repertoires from short read RNA sequencing data with V’DJer,"Lisle E. Mose, Sara R. Selitsky, Lisa M. Bixby, David L. Marron, Michael D. Iglesia ...",2016.0,35.0
H-PoP and H-PoPG: heuristic partitioning algorithms for single individual haplotyping of polyploids,"Minzhu Xie, Qiong Wu, Jianxin Wang, Tao Jiang",2016.0,24.0
PhenomeScape: a cytoscape app to identify differentially regulated sub-networks using known disease associations,"Jamie Soul, Sara L. Dunn, Tim E. Hardingham, Ray P. Boot-Handford, Jean-Marc Schwartz",2016.0,9.0
AlmostSignificant: simplifying quality control of high-throughput sequencing data,"Joseph Ward, Christian Cole, Melanie Febrer, Geoffrey J. Barton",2016.0,5.0
Integrating genomic information with protein sequence and 3D atomic level structure at the RCSB protein data bank,"Andreas Prlić, Tara Kalro, Roshni Bhattacharya, Cole Christie, Stephen K. Burley ...",2016.0,10.0
Predicting the errors of predicted local backbone angles and non-local solvent- accessibilities of proteins by deep neural networks,"Jianzhao Gao, Yuedong Yang, Yaoqi Zhou",2016.0,13.0
PPI4DOCK: large scale assessment of the use of homology models in free docking over more than 1000 realistic targets,"Jinchao Yu, Raphaël Guerois",2016.0,17.0
What time is it? Deep learning approaches for circadian rhythms,"Forest Agostinelli, Nicholas Ceglia, Babak Shahbaba, Paolo Sassone-Corsi, Pierre Baldi",2016.0,44.0
MSIdV: a versatile tool to visualize biological indices from mass spectrometry imaging data,"Eisuke Hayakawa, Yoshinori Fujimura, Daisuke Miura",2016.0,7.0
DEsubs: an R package for flexible identification of differentially expressed subpathways using RNA-seq experiments,"Aristidis G. Vrahatis, Panos Balomenos, Athanasios K. Tsakalidis, Anastasios Bezerianos",2016.0,29.0
STAMS: STRING-assisted module search for genome wide association studies and application to autism,"Sara Hillenmeyer, Lea K. Davis, Eric R. Gamazon, Edwin H. Cook, Nancy J. Cox ...",2016.0,10.0
Predicting synergistic effects between compounds through their structural similarity and effects on transcriptomes,"Yiyi Liu, Hongyu Zhao",2016.0,17.0
BatchQC: interactive software for evaluating sample and batch effects in genomic data,"Solaiappan Manimaran, Heather Marie Selby, Kwame Okrah, Claire Ruberman, Jeffrey T. Leek ...",2016.0,26.0
ReadXplorer 2—detailed read mapping analysis and visualization from one single source,"Rolf Hilker, Kai Bernd Stadermann, Oliver Schwengers, Evgeny Anisiforov, Sebastian Jaenicke ...",2016.0,50.0
Higher classification sensitivity of short metagenomic reads with CLARK-S,"Rachid Ounit, Stefano Lonardi",2016.0,69.0
A new correlation clustering method for cancer mutation analysis,"Jack P. Hou, Amin Emad, Gregory J. Puleo, Jian Ma, Olgica Milenkovic",2016.0,26.0
A computational strategy to adjust for copy number in tumor Hi-C data,"Hua-Jun Wu, Franziska Michor",2016.0,28.0
Selective mutation accumulation: a computational model of the paternal age effect,"Eoin C. Whelan, Alexander C. Nwala, Christopher Osgood, Stephan Olariu",2016.0,6.0
Corpus domain effects on distributional semantic modeling of medical terms,"Serguei V.S. Pakhomov, Greg Finley, Reed McEwan, Yan Wang, Genevieve B. Melton",2016.0,81.0
ImmQuant: a user-friendly tool for inferring immune cell-type composition from gene-expression data,"Amit Frishberg, Avital Brodt, Yael Steuerman, Irit Gat-Viks",2016.0,29.0
SDEAP: a splice graph based differential transcript expression analysis tool for population data,"Ei-Wen Yang, Tao Jiang",2016.0,4.0
Gene Slider: sequence logo interactive data-visualization for education and research,"Jamie Waese, Asher Pasha, Ting Ting Wang, Anna van Weringh, David S. Guttman ...",2016.0,5.0
CGDM: collaborative genomic data model for molecular profiling data using NoSQL,"Shicai Wang, Mihaela A. Mares, Yi-ke Guo",2016.0,7.0
Extensive complementarity between gene function prediction methods,"Vedrana Vidulin, Tomislav Šmuc, Fran Supek",2016.0,11.0
oxBS-MLE: an efficient method to estimate 5-methylcytosine and 5-hydroxymethylcytosine in paired bisulfite and oxidative bisulfite treated DNA,"Zongli Xu, Jack A. Taylor, Yuet-Kin Leung, Shuk-Mei Ho, Liang Niu",2016.0,18.0
LCA*: an entropy-based measure for taxonomic assignment within assembled metagenomes,"Niels W. Hanson, Kishori M. Konwar, Steven J. Hallam",2016.0,13.0
NVT: a fast and simple tool for the assessment of RNA-seq normalization strategies,"Thomas Eder, Florian Grebien, Thomas Rattei",2016.0,4.0
ChemTreeMap: an interactive map of biochemical similarity in molecular datasets,"Jing Lu, Heather A. Carlson",2016.0,15.0
EnhancerAtlas: a resource for enhancer annotation and analysis in 105 human cell/tissue types,"Tianshun Gao, Bing He, Sheng Liu, Heng Zhu, Kai Tan ...",2016.0,100.0
Support vector machine model of developmental brain gene expression data for prioritization of Autism risk gene candidates,"S. Cogill, L. Wang",2016.0,28.0
DTMiner: identification of potential disease targets through biomedical literature mining,"Dong Xu, Meizhuo Zhang, Yanping Xie, Fan Wang, Ming Chen ...",2016.0,18.0
SRinversion: a tool for detecting short inversions by splitting and re-aligning poorly mapped and unmapped sequencing reads,"Ruoyan Chen, Yu Lung Lau, Yan Zhang, Wanling Yang",2016.0,7.0
RNAcommender: genome-wide recommendation of RNA–protein interactions,"Gianluca Corrado, Toma Tebaldi, Fabrizio Costa, Paolo Frasconi, Andrea Passerini",2016.0,14.0
PathScore: a web tool for identifying altered pathways in cancer data,"Stephen G. Gaffney, Jeffrey P. Townsend",2016.0,2.0
PRODIGY: a web server for predicting the binding affinity of protein–protein complexes,"Li C. Xue, João Pglm Rodrigues, Panagiotis L. Kastritis, Alexandre Mjj Bonvin, Anna Vangone",2016.0,231.0
A profile-based method for identifying functional divergence of orthologous genes in bacterial genomes,"Nicole E. Wheeler, Lars Barquist, Robert A. Kingsley, Paul P. Gardner",2016.0,16.0
BiDiFuse: a FIJI plugin for fusing bi-directionally recorded microscopic image volumes,"Jan R. Detrez, Jean-Marie Vanderwinden, Michaël Barbier, Marlies Verschuuren, Rony Nuydens ...",2016.0,2.0
shinyGEO: a web-based application for analyzing gene expression omnibus datasets,"Jasmine Dumas, Michael A. Gargano, Garrett M. Dancik",2016.0,37.0
Bayesian network feature finder (BANFF): an R package for gene network feature selection,"Zhou Lan, Yize Zhao, Jian Kang, Tianwei Yu",2016.0,4.0
scphaser: haplotype inference using single-cell RNA-seq data,"Daniel Edsgärd, Björn Reinius, Rickard Sandberg",2016.0,14.0
genipe: an automated genome-wide imputation pipeline with automatic reporting and statistical tools,"Louis-Philippe Lemieux Perreault, Marc-André Legault, Géraldine Asselin, Marie-Pierre Dubé",2016.0,9.0
A novel copy number variants kernel association test with application to autism spectrum disorders studies,"Xiang Zhan, Santhosh Girirajan, Ni Zhao, Michael C. Wu, Debashis Ghosh",2016.0,13.0
Metrics for rapid quality control in RNA structure probing experiments,"Krishna Choudhary, Nathan P. Shih, Fei Deng, Mirko Ledda, Bo Li ...",2016.0,15.0
WebSTAR3D: a web server for RNA 3D structural alignment,"Erwin Holzhauser, Ping Ge, Shaojie Zhang",2016.0,1.0
FARAO: the flexible all-round annotation organizer,"Rickard Hammarén, Chandan Pal, Johan Bengtsson-Palme",2016.0,8.0
PcircRNA_finder: a software for circRNA prediction in plants,"Li Chen, Yongyi Yu, Xinchen Zhang, Chen Liu, Chuyu Ye ...",2016.0,
Detection of differentially methylated regions in whole genome bisulfite sequencing data using local Getis-Ord statistics,"Yalu Wen, Fushun Chen, Qingzheng Zhang, Yan Zhuang, Zhiguang Li",2016.0,17.0
MetaCoMET: a web platform for discovery and visualization of the core microbiome,"Yi Wang, Ling Xu, Yong Q. Gu, Devin Coleman-Derr",2016.0,42.0
Predicting G protein-coupled receptor downstream signaling by tissue expression,"Yun Hao, Nicholas P. Tatonetti",2016.0,9.0
ReactPRED: a tool to predict and analyze biochemical reactions,"Tadi Venkata Sivakumar, Varun Giri, Jin Hwan Park, Tae Yong Kim, Anirban Bhaduri",2016.0,16.0
NRGC: a novel referential genome compression algorithm,"Subrata Saha, Sanguthevar Rajasekaran",2016.0,14.0
An efficient method to estimate the optimum regularization parameter in RLDA,"Daniyar Bakir, Alex Pappachen James, Amin Zollanvari",2016.0,6.0
NET-GE: a web-server for NETwork-based human gene enrichment,"Samuele Bovo, Pietro Di Lena, Pier Luigi Martelli, Piero Fariselli, Rita Casadio",2016.0,12.0
HiPub: translating PubMed and PMC texts to networks for knowledge discovery,"Kyubum Lee, Wonho Shin, Byounggun Kim, Sunwon Lee, Yonghwa Choi ...",2016.0,18.0
NCMine: Core-peripheral based functional module detection using near-clique mining,"Shu Tadaka, Kengo Kinoshita",2016.0,14.0
Joint sparse canonical correlation analysis for detecting differential imaging genetics modules,"Jian Fang, Dongdong Lin, S. Charles Schulz, Zongben Xu, Vince D. Calhoun ...",2016.0,43.0
WALT: fast and accurate read mapping for bisulfite sequencing,"Haifeng Chen, Andrew D. Smith, Ting Chen",2016.0,34.0
Excess positional mutual information predicts both local and allosteric mutations affecting beta lactamase drug resistance,"George A. Cortina, Peter M. Kasson",2016.0,11.0
plasmidSPAdes: assembling plasmids from whole genome sequencing data,"Dmitry Antipov, Nolan Hartwick, Max Shen, Mikhail Raiko, Alla Lapidus ...",2016.0,251.0
Drug drug interaction extraction from biomedical literature using syntax convolutional neural network,"Zhehuan Zhao, Zhihao Yang, Ling Luo, Hongfei Lin, Jian Wang",2016.0,111.0
Motif comparison based on similarity of binding affinity profiles,"Samuel A. Lambert, Mihai Albu, Timothy R. Hughes, Hamed S. Najafabadi",2016.0,13.0
Simultaneous gene finding in multiple genomes,"Stefanie König, Lars W. Romoth, Lizzy Gerischer, Mario Stanke",2016.0,793.0
PReFerSim: fast simulation of demography and selection under the Poisson Random Field model,"Diego Ortega-Del Vecchyo, Clare D. Marsden, Kirk E. Lohmueller",2016.0,4.0
Variance adaptive shrinkage (vash): flexible empirical Bayes estimation of variances,"Mengyin Lu, Matthew Stephens",2016.0,9.0
TopPIC: a software tool for top-down mass spectrometry-based proteoform identification and characterization,"Qiang Kou, Likun Xun, Xiaowen Liu",2016.0,86.0
"LEVER: software tools for segmentation, tracking and lineaging of proliferating cells","Mark Winter, Walter Mankowski, Eric Wait, Sally Temple, Andrew R. Cohen",2016.0,27.0
Online interactive analysis of protein structure ensembles with Bio3D-web,"Lars Skjærven, Shashank Jariwala, Xin-Qiu Yao, Barry J. Grant",2016.0,25.0
ntHash: recursive nucleotide hashing,"Hamid Mohamadi, Justin Chu, Benjamin P. Vandervalk, Inanc Birol",2016.0,
sBWT: memory efficient implementation of the hardware-acceleration-friendly Schindler transform for the fast biological sequence mapping,"Chia-Hua Chang, Min-Te Chou, Yi-Chung Wu, Ting-Wei Hong, Yun-Lung Li ...",2016.0,4.0
MorphoLibJ: integrated library and plugins for mathematical morphology with ImageJ,"David Legland, Ignacio Arganda-Carreras, Philippe Andrey",2016.0,347.0
SSBD: a database of quantitative data of spatiotemporal dynamics of biological phenomena,"Yukako Tohsato, Kenneth H. L. Ho, Koji Kyoda, Shuichi Onami",2016.0,12.0
cisASE: a likelihood-based method for detecting putative cis-regulated allele-specific expression in RNA sequencing data,"Zhi Liu, Tuantuan Gui, Zhen Wang, Hong Li, Yunhe Fu ...",2016.0,6.0
LightAssembler: fast and memory-efficient assembly algorithm for high-throughput sequencing reads,"Sara El-Metwally, Magdi Zakaria, Taher Hamza",2016.0,11.0
BioPartsDB: a synthetic biology workflow web-application for education and research,"Giovanni Stracquadanio, Kun Yang, Jef D. Boeke, Joel S. Bader",2016.0,5.0
VisualGraphX: interactive graph visualization within Galaxy,"Richard A. Schäfer, Björn Voß",2016.0,1.0
LAMPLINK: detection of statistically significant SNP combinations from GWAS data,"Aika Terada, Ryo Yamada, Koji Tsuda, Jun Sese",2016.0,15.0
Estimating evolutionary rates using time-structured data: a general comparison of phylogenetic methods,"Sebastián Duchêne, Jemma L. Geoghegan, Edward C. Holmes, Simon Y.W. Ho",2016.0,24.0
MSAViewer: interactive JavaScript visualization of multiple sequence alignments,"Guy Yachdav, Sebastian Wilzbach, Benedikt Rauscher, Robert Sheridan, Ian Sillitoe ...",2016.0,109.0
MEMHDX: an interactive tool to expedite the statistical validation and visualization of large HDX-MS datasets,"Véronique Hourdel, Stevenn Volant, Darragh P. O’Brien, Alexandre Chenal, Julia Chamot-Rooke ...",2016.0,37.0
samExploreR: exploring reproducibility and robustness of RNA-seq results based on SAM files,"Alexey Stupnikov, Shailesh Tripathi, Ricardo de Matos Simoes, Darragh McArt, Manuel Salto-Tellez ...",2016.0,6.0
New quality measure for SNP array based CNV detection,"A. Macé, M.A. Tuke, J.S. Beckmann, L. Lin, S. Jacquemont ...",2016.0,16.0
MIMEAnTo: profiling functional RNA in mutational interference mapping experiments,"Maureen R. Smith, Redmond P. Smyth, Roland Marquet, Max von Kleist",2016.0,4.0
A subpopulation model to analyze heterogeneous cell differentiation dynamics,"Yat Hin Chan, Jukka Intosalmi, Sini Rautio, Harri Lähdesmäki",2016.0,8.0
Towards the knowledge-based design of universal influenza epitope ensemble vaccines,"Qamar M. Sheikh, Derek Gatherer, Pedro A Reche, Darren R. Flower",2016.0,37.0
PyPanda: a Python package for gene regulatory network reconstruction,"David G.P. van IJzendoorn, Kimberly Glass, John Quackenbush, Marieke L. Kuijjer",2016.0,7.0
CRISPR-DO for genome-wide CRISPR design and optimization,"Jian Ma, Johannes Köster, Qian Qin, Shengen Hu, Wei Li ...",2016.0,35.0
SYNBADm: a tool for optimization-based automated design of synthetic gene circuits,"Irene Otero-Muras, David Henriques, Julio R. Banga",2016.0,23.0
BioNetGen 2.2: advances in rule-based modeling,"Leonard A. Harris, Justin S. Hogg, José-Juan Tapia, John A. P. Sekar, Sanjana Gupta ...",2016.0,124.0
SIFORM: shared informative factor models for integration of multi-platform bioinformatic data,"Xuebei An, Jianhua Hu, Kim-Anh Do",2016.0,1.0
ConsPred: a rule-based (re-)annotation framework for prokaryotic genomes,"Thomas Weinmaier, Alexander Platzer, Jeroen Frank, Hans-Jörg Hellinger, Patrick Tischler ...",2016.0,8.0
Recognizing metal and acid radical ion-binding sites by integrating ab initio modeling with template-based transferals,"Xiuzhen Hu, Qiwen Dong, Jianyi Yang, Yang Zhang",2016.0,57.0
SwiSpot: modeling riboswitches by spotting out switching sequences,"Marco Barsacchi, Eva Maria Novoa, Manolis Kellis, Alessio Bechini",2016.0,6.0
The SMAL web server: global multiple network alignment from pairwise alignments,"Jakob Dohrmann, Rahul Singh",2016.0,5.0
MetaPred2CS: a sequence-based meta-predictor for protein–protein interactions of prokaryotic two-component system proteins,"Altan Kara, Martin Vickers, Martin Swain, David E. Whitworth, Narcis Fernandez-Fuentes",2016.0,2.0
Heat*seq: an interactive web tool for high-throughput sequencing experiment comparison with public data,"Guillaume Devailly, Anna Mantsoki, Anagha Joshi",2016.0,7.0
"AMIGO2, a toolbox for dynamic modeling, optimization and control in systems biology","Eva Balsa-Canto, David Henriques, Attila Gábor, Julio R. Banga",2016.0,92.0
TwoPhaseInd: an R package for estimating gene–treatment interactions and discovering predictive markers in randomized clinical trials,"Xiaoyu Wang, James Y. Dai",2016.0,2.0
Performance of protein-structure predictions with the physics-based UNRES force field in CASP11,"Paweł Krupa, Magdalena A. Mozolewska, Marta Wiśniewska, Yanping Yin, Yi He ...",2016.0,33.0
An empirical Bayes method for genotyping and SNP detection using multi-sample next-generation sequencing data,"Gongyi Huang, Shaoli Wang, Xueqin Wang, Na You",2016.0,4.0
deBGA: read alignment with de Bruijn graph-based seed and extension,"Bo Liu, Hongzhe Guo, Michael Brudno, Yadong Wang",2016.0,36.0
Unbiased classification of spatial strategies in the Barnes maze,"Tomer Illouz, Ravit Madar, Charlotte Clague, Kathleen J. Griffioen, Yoram Louzoun ...",2016.0,23.0
Icarus: visualizer for de novo assembly evaluation,"Alla Mikheenko, Gleb Valin, Andrey Prjibelski, Vladislav Saveliev, Alexey Gurevich",2016.0,45.0
MetaCycle: an integrated R package to evaluate periodicity in large scale data,"Gang Wu, Ron C. Anafi, Michael E. Hughes, Karl Kornacker, John B. Hogenesch",2016.0,160.0
w4CSeq: software and web application to analyze 4C-seq data,"Mingyang Cai, Fan Gao, Wange Lu, Kai Wang",2016.0,11.0
Application of the MAFFT sequence alignment program to large data—reexamination of the usefulness of chained guide trees,"Kazunori D. Yamada, Kentaro Tomii, Kazutaka Katoh",2016.0,164.0
4DGenome: a comprehensive database of chromatin interactions,"Li Teng, Bing He, Jiahui Wang, Kai Tan",2016.0,
Confidence assignment for mass spectrometry based peptide identifications via the extreme value distribution,"Gelio Alves, Yi-Kuo Yu",2016.0,3.0
Network-based pathway enrichment analysis with incomplete network information,"Jing Ma, Ali Shojaie, George Michailidis",2016.0,29.0
Accounting for pairwise distance restraints in FFT-based protein–protein docking,"Bing Xia, Sandor Vajda, Dima Kozakov",2016.0,16.0
Local versus global biological network alignment,"Lei Meng, Aaron Striegel, Tijana Milenković",2016.0,55.0
Estimating and testing high-dimensional mediation effects in epigenetic studies,"Haixiang Zhang, Yinan Zheng, Zhou Zhang, Tao Gao, Brian Joyce ...",2016.0,52.0
Cyclo-lib: a database of computational molecular dynamics simulations of cyclodextrins,"Edgar Mixcoha, Roberto Rosende, Rebeca Garcia-Fandino, Ángel Piñeiro",2016.0,6.0
Inheritance-mode specific pathogenicity prioritization (ISPP) for human protein coding genes,"Jacob Shujui Hsu, Johnny S.H. Kwan, Zhicheng Pan, Maria-Mercè Garcia-Barcelo, Pak Chung Sham ...",2016.0,8.0
Conpair: concordance and contamination estimator for matched tumor–normal pairs,"Ewa A. Bergmann, Bo-Juen Chen, Kanika Arora, Vladimir Vacic, Michael C. Zody",2016.0,28.0
"CellProfiler Analyst: interactive data exploration, analysis and classification of large biological image sets","David Dao, Adam N. Fraser, Jane Hung, Vebjorn Ljosa, Shantanu Singh ...",2016.0,80.0
ABAEnrichment: an R package to test for gene set expression enrichment in the adult and developing human brain,"Steffi Grote, Kay Prüfer, Janet Kelso, Michael Dannemann",2016.0,22.0
AutoSite: an automated approach for pseudo-ligands prediction—from ligand-binding sites identification to predicting key ligand atoms,"Pradeep Anand Ravindranath, Michel F. Sanner",2016.0,23.0
A probabilistic approach for collective similarity-based drug–drug interaction prediction,"Dhanya Sridhar, Shobeir Fakhraei, Lise Getoor",2016.0,53.0
GeneCodeq: quality score compression and improved genotyping using a Bayesian framework,"Daniel L. Greenfield, Oliver Stegle, Alban Rrustemi",2016.0,19.0
Structural distinctions of fast and slow bacterial luciferases revealed by phylogenetic analysis,"Anna A. Deeva, Evgenia A. Temlyakova, Anatoly A. Sorokin, Elena V. Nemtseva, Valentina A. Kratasyuk",2016.0,19.0
pSumo-CD: predicting sumoylation sites in proteins with covariance discriminant algorithm by incorporating sequence-coupled effects into general PseAAC,"Jianhua Jia, Liuxia Zhang, Zi Liu, Xuan Xiao, Kuo-Chen Chou",2016.0,180.0
GORpipe: a query tool for working with sequence data based on a Genomic Ordered Relational (GOR) architecture,"Hákon Guðbjartsson, Guðmundur Fr. Georgsson, Sigurjón A. Guðjónsson, Ragnar þór Valdimarsson, Jóhann H. Sigurðsson ...",2016.0,13.0
iPTM-mLys: identifying multiple lysine PTM sites and their different types,"Wang-Ren Qiu, Bi-Qian Sun, Xuan Xiao, Zhao-Chun Xu, Kuo-Chen Chou",2016.0,216.0
Vecuum: identification and filtration of false somatic variants caused by recombinant vector contamination,"Junho Kim, Ju Heon Maeng, Jae Seok Lim, Hyeonju Son, Junehawk Lee ...",2016.0,6.0
PEP_scaffolder: using (homologous) proteins to scaffold genomes,"Bai-Han Zhu, Ying-Nan Song, Wei Xue, Gui-Cai Xu, Jun Xiao ...",2016.0,9.0
SERAPHIM: studying environmental rasters and phylogenetically informed movements,"Simon Dellicour, Rebecca Rose, Nuno R. Faria, Philippe Lemey, Oliver G. Pybus",2016.0,39.0
ACE: adaptive cluster expansion for maximum entropy graphical model inference,"J. P. Barton, E. De Leonardis, A. Coucke, S. Cocco",2016.0,68.0
RTCR: a pipeline for complete and accurate recovery of T cell repertoires from high throughput sequencing data,"Bram Gerritsen, Aridaman Pandit, Arno C. Andeweg, Rob J. de Boer",2016.0,34.0
Integrated gene set analysis for microRNA studies,"Francisco Garcia-Garcia, Joaquin Panadero, Joaquin Dopazo, David Montaner",2016.0,21.0
A simple model predicts UGT-mediated metabolism,"Na Le Dang, Tyler B. Hughes, Varun Krishnamurthy, S. Joshua Swamidass",2016.0,36.0
Accurate in silico prediction of species-specific methylation sites based on information gain feature optimization,"Ping-Ping Wen, Shao-Ping Shi, Hao-Dong Xu, Li-Na Wang, Jian-Ding Qiu",2016.0,48.0
AgIn: measuring the landscape of CpG methylation of individual repetitive elements,"Yuta Suzuki, Jonas Korlach, Stephen W. Turner, Tatsuya Tsukahara, Junko Taniguchi ...",2016.0,17.0
Pseudotime estimation: deconfounding single cell time series,"John E. Reid, Lorenz Wernisch",2016.0,87.0
Genome puzzle master (GPM): an integrated pipeline for building and editing pseudomolecules from fragmented sequences,"Jianwei Zhang, Dave Kudrna, Ting Mu, Weiming Li, Dario Copetti ...",2016.0,17.0
The structural effects of mutations can aid in differential phenotype prediction of beta-myosin heavy chain (Myosin-7) missense variants,"Nouf S. Al-Numair, Luis Lopes, Petros Syrris, Lorenzo Monserrat, Perry Elliott ...",2016.0,7.0
New KEGG pathway-based interpretable features for classifying ageing-related mouse proteins,"Fabio Fabris, Alex A. Freitas",2016.0,9.0
Assemblytics: a web analytics tool for the detection of variants from an assembly,"Maria Nattestad, Michael C. Schatz",2016.0,127.0
TADtool: visual parameter identification for TAD-calling algorithms,"Kai Kruse, Clemens B. Hug, Benjamín Hernández-Rodríguez, Juan M. Vaquerizas",2016.0,44.0
PhenoScanner: a database of human genotype–phenotype associations,"James R. Staley, James Blackshaw, Mihir A. Kamat, Steve Ellis, Praveen Surendran ...",2016.0,364.0
STRUM: structure-based prediction of protein stability changes upon single-point mutation,"Lijun Quan, Qiang Lv, Yang Zhang",2016.0,175.0
Statistical modeling of isoform splicing dynamics from RNA-seq time series data,"Yuanhua Huang, Guido Sanguinetti",2016.0,9.0
SELAM: simulation of epistasis and local adaptation during admixture with mate choice,"Russell Corbett-Detig, Matt Jones",2016.0,14.0
NegGOA: negative GO annotations selection using ontology structure,"Guangyuan Fu, Jun Wang, Bo Yang, Guoxian Yu",2016.0,30.0
RADIS: analysis of RAD-seq data for interspecific phylogeny,"Astrid Cruaud, Mathieu Gautier, Jean-Pierre Rossi, Jean-Yves Rasplus, Jérôme Gouzy",2016.0,8.0
"ARGON: fast, whole-genome simulation of the discrete time Wright-fisher process",Pier Francesco Palamara,2016.0,19.0
@MInter: automated text-mining of microbial interactions,"Kun Ming Kenneth Lim, Chenhao Li, Kern Rei Chng, Niranjan Nagarajan",2016.0,21.0
MultiQC: summarize analysis results for multiple tools and samples in a single report,"Philip Ewels, Måns Magnusson, Sverker Lundin, Max Käller",2016.0,1150.0
Web-based network analysis and visualization using CellMaps,"Francisco Salavert, Luz García-Alonso, Rubén Sánchez, Roberto Alonso, Marta Bleda ...",2016.0,12.0
A time-varying group sparse additive model for genome-wide association studies of dynamic complex traits,"Micol Marchetti-Bowick, Junming Yin, Judie A. Howrylak, Eric P. Xing",2016.0,8.0
CONDOP: an R package for CONdition-Dependent Operon Predictions,"Vittorio Fortino, Roberto Tagliaferri, Dario Greco",2016.0,4.0
Unbiased probabilistic taxonomic classification for DNA barcoding,"Panu Somervuo, Sonja Koskela, Juho Pennanen, R. Henrik Nilsson, Otso Ovaskainen",2016.0,39.0
GSA-Lightning: ultra-fast permutation-based gene set analysis,"Billy Heung Wing Chang, Weidong Tian",2016.0,1.0
PHOCOS: inferring multi-feature phenotypic crosstalk networks,"Yue Deng, Steven J. Altschuler, Lani F. Wu",2016.0,
An algorithm for computing the gene tree probability under the multispecies coalescent and its application in the inference of population tree,Yufeng Wu,2016.0,9.0
Ensemble-based evaluation for protein structure models,"Michal Jamroz, Andrzej Kolinski, Daisuke Kihara",2016.0,6.0
ISMB 2016 Proceedings Papers Committee,,2016.0,
Author Index,,2016.0,4.0
Fast metabolite identification with Input Output Kernel Regression,"Céline Brouard, Huibin Shen, Kai Dührkop, Florence d'Alché-Buc, Sebastian Böcker ...",2016.0,54.0
Novel applications of multitask learning and multiple output regression to multiple genetic trait prediction,"Dan He, David Kuhn, Laxmi Parida",2016.0,33.0
Reconstructing the temporal progression of HIV-1 immune response pathways,"Siddhartha Jain, Joel Arrais, Narasimhan J. Venkatachari, Velpandi Ayyavoo, Ziv Bar-Joseph",2016.0,9.0
Finding correct protein–protein docking models using ProQDock,"Sankar Basu, Björn Wallner",2016.0,24.0
Simultaneous prediction of enzyme orthologs from chemical transformation patterns for de novo metabolic pathway reconstruction,"Yasuo Tabei, Yoshihiro Yamanishi, Masaaki Kotera",2016.0,11.0
RNAiFold2T: Constraint Programming design of thermo-IRES switches,"Juan Antonio Garcia-Martin, Ivan Dotu, Javier Fernandez-Chamorro, Gloria Lozano, Jorge Ramajo ...",2016.0,7.0
Linear effects models of signaling pathways from combinatorial perturbation data,"Ewa Szczurek, Niko Beerenwinkel",2016.0,3.0
Faster and more accurate graphical model identification of tandem mass spectra using trellises,"Shengjie Wang, John T. Halloran, Jeff A. Bilmes, William S. Noble",2016.0,1.0
Data-driven mechanistic analysis method to reveal dynamically evolving regulatory networks,"Jukka Intosalmi, Kari Nousiainen, Helena Ahlfors, Harri Lähdesmäki",2016.0,7.0
What time is it? Deep learning approaches for circadian rhythms,"Forest Agostinelli, Nicholas Ceglia, Babak Shahbaba, Paolo Sassone-Corsi, Pierre Baldi",2016.0,44.0
A convex optimization approach for identification of human tissue-specific interactomes,"Shahin Mohammadi, Ananth Grama",2016.0,
Jumping across biomedical contexts using compressive data fusion,"Marinka Zitnik, Blaz Zupan",2016.0,16.0
Analysis of aggregated cell–cell statistical distances within pathways unveils therapeutic-resistance mechanisms in circulating tumor cells,"A. Grant Schissler, Qike Li, James L. Chen, Colleen Kenost, Ikbel Achour ...",2016.0,9.0
Classifying and segmenting microscopy images with deep multiple instance learning,"Oren Z. Kraus, Jimmy Lei Ba, Brendan J. Frey",2016.0,254.0
A novel method for discovering local spatial clusters of genomic regions with functional relationships from DNA contact maps,"Xihao Hu, Christina Huan Shi, Kevin Y. Yip",2016.0,7.0
phRAIDER: Pattern-Hunter based Rapid Ab Initio Detection of Elementary Repeats,"Carly E. Schaeffer, Nathaniel D. Figueroa, Xiaolin Liu, John E. Karro",2016.0,9.0
An integer programming framework for inferring disease complexes from network data,"Arnon Mazza, Konrad Klockmeier, Erich Wanker, Roded Sharan",2016.0,13.0
CMsearch: simultaneous exploration of protein sequence space and structure space improves not only protein homology detection but also protein structure prediction,"Xuefeng Cui, Zhiwu Lu, Sheng Wang, Jim Jing-Yan Wang, Xin Gao",2016.0,25.0
Using genomic annotations increases statistical power to detect eGenes,"Dat Duong, Jennifer Zou, Farhad Hormozdiari, Jae Hoon Sul, Jason Ernst ...",2016.0,12.0
Influence maximization in time bounded network identifies transcription factors regulating perturbed pathways,"Kyuri Jo, Inuk Jung, Ji Hwan Moon, Sun Kim",2016.0,13.0
Read-based phasing of related individuals,"Shilpa Garg, Marcel Martin, Tobias Marschall",2016.0,
"RapMap: a rapid, sensitive and accurate tool for mapping RNA-seq reads to transcriptomes","Avi Srivastava, Hirak Sarkar, Nitish Gupta, Rob Patro",2016.0,83.0
A cross-species bi-clustering approach to identifying conserved co-regulated genes,"Jiangwen Sun, Zongliang Jiang, Xiuchun Tian, Jinbo Bi",2016.0,3.0
Compacting de Bruijn graphs from sequencing data quickly and in low memory,"Rayan Chikhi, Antoine Limasset, Paul Medvedev",2016.0,97.0
A novel algorithm for calling mRNA m 6 A peaks by modeling biological variances in MeRIP-seq data,"Xiaodong Cui, Jia Meng, Shaowu Zhang, Yidong Chen, Yufei Huang",2016.0,34.0
Comparative analyses of population-scale phenomic data in electronic medical records reveal race-specific disease networks,"Benjamin S. Glicksberg, Li Li, Marcus A. Badgeley, Khader Shameer, Roman Kosoy ...",2016.0,28.0
Analysis of differential splicing suggests different modes of short-term splicing regulation,"Hande Topa, Antti Honkela",2016.0,9.0
ISMB 2016 Proceedings,"Pierre Baldi, Teresa Przytycka",2016.0,
BioASF: a framework for automatically generating executable pathway models specified in BioPAX,"Reza Haydarlou, Annika Jacobsen, Nicola Bonzanni, K. Anton Feenstra, Sanne Abeln ...",2016.0,13.0
Prediction of ribosome footprint profile shapes from transcript sequences,"Tzu-Yu Liu, Yun S. Song",2016.0,17.0
Convolutional neural network architectures for predicting DNA–protein binding,"Haoyang Zeng, Matthew D. Edwards, Ge Liu, David K. Gifford",2016.0,300.0
RCK: accurate and efficient inference of sequence- and structure-based protein–RNA binding models from RNAcompete data,"Yaron Orenstein, Yuhao Wang, Bonnie Berger",2016.0,37.0
DrugE-Rank: improving drug–target interaction prediction of new candidate drugs or targets by ensemble learning to rank,"Qingjun Yuan, Junning Gao, Dongliang Wu, Shihua Zhang, Hiroshi Mamitsuka ...",2016.0,89.0
Structure-based prediction of transcription factor binding specificity using an integrative energy function,"Alvin Farrel, Jonathan Murphy, Jun-tao Guo",2016.0,17.0
deBWT: parallel construction of Burrows–Wheeler Transform for large collection of genomes with de Bruijn-branch encoding,"Bo Liu, Dixian Zhu, Yadong Wang",2016.0,13.0
Genome assembly from synthetic long read clouds,"Volodymyr Kuleshov, Michael P. Snyder, Serafim Batzoglou",2016.0,21.0
A network-driven approach for genome-wide association mapping,"Seunghak Lee, Soonho Kong, Eric P. Xing",2016.0,6.0
SHARAKU: an algorithm for aligning and clustering read mapping profiles of deep sequencing in non-coding RNA processing,"Mariko Tsuchiya, Kojiro Amano, Masaya Abe, Misato Seki, Sumitaka Hase ...",2016.0,2.0
DFLpred: High-throughput prediction of disordered flexible linker regions in protein sequences,"Fanchi Meng, Lukasz Kurgan",2016.0,45.0
DeepMeSH: deep semantic representation for improving large-scale MeSH indexing,"Shengwen Peng, Ronghui You, Hongning Wang, Chengxiang Zhai, Hiroshi Mamitsuka ...",2016.0,70.0
Inferring the perturbation time from biological time course data,"Jing Yang, Christopher A. Penfold, Murray R. Grant, Magnus Rattray",2016.0,19.0
Meshable: searching PubMed abstracts by utilizing MeSH and MeSH-derived topical terms,"Sun Kim, Lana Yeganova, W. John Wilbur",2016.0,26.0
GenVisR: Genomic Visualizations in R,"Zachary L. Skidmore, Alex H. Wagner, Robert Lesurf, Katie M. Campbell, Jason Kunisaki ...",2016.0,
bdvis: visualizing biodiversity data in R,"Vijay Barve, Javier Otegui",2016.0,
Zerone: a ChIP-seq discretizer for multiple replicates with built-in quality control,"Pol Cuscó, Guillaume J. Filion",2016.0,13.0
RareVariantVis: new tool for visualization of causative variants in rare monogenic disorders using whole genome sequencing data,"Tomasz Stokowy, Mateusz Garbulowski, Torunn Fiskerstrand, Rita Holdhus, Kornel Labun ...",2016.0,5.0
Prediction of conserved long-range RNA-RNA interactions in full viral genomes,"Markus Fricke, Manja Marz",2016.0,14.0
RTFBSDB: an integrated framework for transcription factor binding site analysis,"Zhong Wang, André L. Martins, Charles G. Danko",2016.0,23.0
Rapid and powerful detection of subtle allelic imbalance from exome sequencing data with hapLOHseq,"F. Anthony San Lucas, Smruthy Sivakumar, Selina Vattathil, Jerry Fowler, Eduardo Vilar ...",2016.0,12.0
The Glycome Analytics Platform: an integrative framework for glycobioinformatics,"Christopher B. Barnett, Kiyoko F. Aoki-Kinoshita, Kevin J. Naidoo",2016.0,8.0
A knowledge-based approach for predicting gene–disease associations,"Hongyi Zhou, Jeffrey Skolnick",2016.0,39.0
Evaluating the molecule-based prediction of clinical drug responses in cancer,"Zijian Ding, Songpeng Zu, Jin Gu",2016.0,47.0
pong: fast analysis and visualization of latent clusters in population genetic data,"Aaron A. Behr, Katherine Z. Liu, Gracie Liu-Fang, Priyanka Nakka, Sohini Ramachandran",2016.0,57.0
compendiumdb: an R package for retrieval and storage of functional genomics data,"Umesh K. Nandal, Antoine H. C. van Kampen, Perry D. Moerland",2016.0,4.0
CAGEd-oPOSSUM: motif enrichment analysis from CAGE-derived TSSs,"David J. Arenillas, Alistair R. R. Forrest, Hideya Kawaji, Timo Lassmann, The FANTOM Consortium ...",2016.0,8.0
TaggerOne: joint named entity recognition and normalization with semi-Markov Models,"Robert Leaman, Zhiyong Lu",2016.0,169.0
KCMBT: a k-mer Counter based on Multiple Burst Trees,"Abdullah-Al Mamun, Soumitra Pal, Sanguthevar Rajasekaran",2016.0,
Revealing aperiodic aspects of solenoid proteins from sequence information,"Thomas Hrabe, Lukasz Jaroszewski, Adam Godzik",2016.0,3.0
HDTD: analyzing multi-tissue gene expression data,"Anestis Touloumis, John C. Marioni, Simon Tavaré",2016.0,6.0
MIA: non-targeted mass isotopolome analysis,"Daniel Weindl, Andre Wegner, Karsten Hiller",2016.0,20.0
MetalPredator: a web server to predict iron–sulfur cluster binding proteomes,"Yana Valasatava, Antonio Rosato, Lucia Banci, Claudia Andreini",2016.0,20.0
R.JIVE for exploration of multi-source molecular data,"Michael J. O’Connell, Eric F. Lock",2016.0,35.0
MetaFast: fast reference-free graph-based comparison of shotgun metagenomic data,"Vladimir I. Ulyantsev, Sergey V. Kazakov, Veronika B. Dubinkina, Alexander V. Tyakht, Dmitry G. Alexeev",2016.0,42.0
Group-combined P-values with applications to genetic association studies,"Xiaonan Hu, Wei Zhang, Sanguo Zhang, Shuangge Ma, Qizhai Li",2016.0,8.0
DBSI server: DNA binding site identifier,"Shravan Sukumar, Xiaolei Zhu, Spencer S. Ericksen, Julie C. Mitchell",2016.0,6.0
"UniCon3D: de novo protein structure prediction using united-residue conformational search via stepwise, probabilistic sampling","Debswapna Bhattacharya, Renzhi Cao, Jianlin Cheng",2016.0,25.0
SETH detects and normalizes genetic variants in text,"Philippe Thomas, Tim Rocktäschel, Jörg Hakenberg, Yvonne Lichtblau, Ulf Leser",2016.0,28.0
RANKS: a flexible tool for node label ranking and classification in biological networks,"Giorgio Valentini, Giuliano Armano, Marco Frasca, Jianyi Lin, Marco Mesiti ...",2016.0,32.0
Benchmarking the next generation of homology inference tools,"Ganapathi Varma Saripella, Erik L. L. Sonnhammer, Kristoffer Forslund",2016.0,9.0
methylFlow: cell-specific methylation pattern reconstruction from high-throughput bisulfite-converted DNA sequencing,"Faezeh Dorri, Lee Mendelowitz, Héctor Corrada Bravo",2016.0,7.0
Message from the ISCB: 2016 ISCB Accomplishment by a Senior Scientist Award Given to Søren Brunak,"Christiana N. Fogg, Diane K. Kovats",2016.0,
Message from the ISCB: 2016 Outstanding Contributions to ISCB Award: Burkhard Rost,"Christiana N. Fogg, Diane K. Kovats",2016.0,
TarPmiR: a new approach for microRNA target site prediction,"Jun Ding, Xiaoman Li, Haiyan Hu",2016.0,72.0
Differential rhythmicity: detecting altered rhythmicity in biological data,"Paul F Thaben, Pål O Westermark",2016.0,38.0
Complex heatmaps reveal patterns and correlations in multidimensional genomic data,"Zuguang Gu, Roland Eils, Matthias Schlesner",2016.0,1324.0
Weighted mutual information analysis substantially improves domain-based functional network models,"Jung Eun Shim, Insuk Lee",2016.0,12.0
"PERMANOVA-S: association test for microbial community composition that
          accommodates confounders and multiple distances","Zheng-Zheng Tang, Guanhua Chen, Alexander V. Alekseyenko",2016.0,53.0
PANTHER-PSEP: predicting disease-causing genetic variants using position-specific evolutionary preservation,"Haiming Tang, Paul D. Thomas",2016.0,113.0
Top-down analysis of protein samples by de novo sequencing techniques,"Kira Vyatkina, Si Wu, Lennard J. M. Dekker, Martijn M. VanDuijn, Xiaowen Liu ...",2016.0,14.0
A two-part mixed-effects model for analyzing longitudinal microbiome compositional data,"Eric Z. Chen, Hongzhe Li",2016.0,111.0
seqlm: an MDL based method for identifying differentially methylated regions in high density methylation array data,"Raivo Kolde, Kaspar Märtens, Kaie Lokk, Sven Laur, Jaak Vilo",2016.0,18.0
Calculating and scoring high quality multiple flexible protein structure alignments,David W. Ritchie,2016.0,8.0
PRESS: PRotEin S-Sulfenylation server,"Marianna Sakka, Grigorios Tzortzis, Michalis D. Mantzaris, Nick Bekas, Tahsin F. Kellici ...",2016.0,
SoFIA: a data integration framework for annotating high-throughput datasets,"Liam Harold Childs, Soulafa Mamlouk, Jörgen Brandt, Christine Sers, Ulf Leser",2016.0,9.0
A simple yet accurate correction for winner's curse can predict signals discovered in much larger genome scans,"T. Bernard Bigdeli, Donghyung Lee, Bradley Todd Webb, Brien P. Riley, Vladimir I. Vladimirov ...",2016.0,19.0
SA-SSR: a suffix array-based algorithm for exhaustive and efficient SSR discovery in large genetic sequences,"B. D. Pickett, S. M. Karlinsey, C. E. Penrod, M. J. Cormier, M. T. W. Ebbert ...",2016.0,9.0
SimLoRD: Simulation of Long Read Data,"Bianca K. Stöcker, Johannes Köster, Sven Rahmann",2016.0,
Computational discovery and in vivo validation of hnf4 as a regulatory gene in planarian regeneration,"Daniel Lobo, Junji Morokuma, Michael Levin",2016.0,13.0
A computational model to predict the immune system activation by citrus-derived vaccine adjuvants,"Francesco Pappalardo, Epifanio Fichera, Nicoletta Paparone, Alessandro Lombardo, Marzio Pennisi ...",2016.0,23.0
Evaluation of hybrid and non-hybrid methods for de novo assembly of nanopore reads,"Ivan Sović, Krešimir Križanović, Karolj Skala, Mile Šikić",2016.0,44.0
Bioinformatics programs are 31-fold over-represented among the highest impact scientific papers of the past two decades,Jonathan D. Wren,2016.0,27.0
RCP: a novel probe design bias correction method for Illumina Methylation BeadChip,"Liang Niu, Zongli Xu, Jack A. Taylor",2016.0,39.0
DOGMA: domain-based transcriptome and proteome quality assessment,"Elias Dohmen, Lukas P.M. Kremer, Erich Bornberg-Bauer, Carsten Kemena",2016.0,22.0
"MEANS: python package for Moment Expansion Approximation, iNference and Simulation","Sisi Fan, Quentin Geissmann, Eszter Lakatos, Saulius Lukauskas, Angelique Ale ...",2016.0,15.0
Drug repositioning based on comprehensive similarity measures and Bi-Random walk algorithm,"Huimin Luo, Jianxin Wang, Min Li, Junwei Luo, Xiaoqing Peng ...",2016.0,152.0
DyNet: visualization and analysis of dynamic molecular interaction networks,"Ivan H. Goenawan, Kenneth Bryan, David J. Lynn",2016.0,76.0
OrfM: a fast open reading frame predictor for metagenomic data,"Ben J. Woodcroft, Joel A. Boyd, Gene W. Tyson",2016.0,13.0
BAM-matcher: a tool for rapid NGS sample matching,"Paul P.S. Wang, Wendy T. Parker, Susan Branford, Andreas W. Schreiber",2016.0,20.0
FastHiC: a fast and accurate algorithm to detect long-range chromosomal interactions from Hi-C data,"Zheng Xu, Guosheng Zhang, Cong Wu, Yun Li, Ming Hu",2016.0,23.0
ASAFE: ancestry-specific allele frequency estimation,"Qian S. Zhang, Brian L. Browning, Sharon R. Browning",2016.0,12.0
APPAGATO: an APproximate PArallel and stochastic GrAph querying TOol for biological networks,"Vincenzo Bonnici, Federico Busato, Giovanni Micale, Nicola Bombieri, Alfredo Pulvirenti ...",2016.0,10.0
"XLinkDB 2.0: integrated, large-scale structural analysis of protein crosslinking data","Devin K. Schweppe, Chunxiang Zheng, Juan D. Chavez, Arti T. Navare, Xia Wu ...",2016.0,29.0
Informed kmer selection for de novo transcriptome assembly,"Dilip A. Durai, Marcel H. Schulz",2016.0,
Combenefit: an interactive platform for the analysis and visualization of drug combinations,"Giovanni Y. Di Veroli, Chiara Fornari, Dennis Wang, Séverine Mollard, Jo L. Bramhall ...",2016.0,193.0
densityCut: an efficient and versatile topological approach for automatic clustering of biological data,"Jiarui Ding, Sohrab Shah, Anne Condon",2016.0,19.0
ARACNe-AP: gene network reverse engineering through adaptive partitioning inference of mutual information,"Alexander Lachmann, Federico M. Giorgi, Gonzalo Lopez, Andrea Califano",2016.0,114.0
rnaQUAST: a quality assessment tool for de novo transcriptome assemblies,"Elena Bushmanova, Dmitry Antipov, Alla Lapidus, Vladimir Suvorov, Andrey D. Prjibelski",2016.0,60.0
Incorporating organelle correlations into semi-supervised learning for protein subcellular localization prediction,"Ying-Ying Xu, Fan Yang, Hong-Bin Shen",2016.0,18.0
Bayesian nonparametrics in protein remote homology search,Mindaugas Margelevičius,2016.0,5.0
Estimating IBD tracts from low coverage NGS data,"Filipe G. Vieira, Anders Albrechtsen, Rasmus Nielsen",2016.0,22.0
CaFE: a tool for binding affinity prediction using end-point free energy methods,"Hui Liu, Tingjun Hou",2016.0,18.0
TnT: a set of libraries for visualizing trees and track-based annotations for the web,Miguel Pignatelli,2016.0,6.0
SAMFIRE: multi-locus variant calling for time-resolved sequence data,C. J. R. Illingworth,2016.0,12.0
Pasha: a versatile R package for piling chromatin HTS data,"Romain Fenouil, Nicolas Descostes, Lionel Spinelli, Frederic Koch, Muhammad Ahmad Maqbool ...",2016.0,10.0
Partitioning and correlating subgroup characteristics from Aligned Pattern Clusters,"En-Shiun Annie Lee, Fiona J. Whelan, Dawn M. E. Bowdish, Andrew K. C. Wong",2016.0,9.0
Rail-dbGaP: analyzing dbGaP-protected data in the cloud with Amazon Elastic MapReduce,"Abhinav Nellore, Christopher Wilks, Kasper D. Hansen, Jeffrey T. Leek, Ben Langmead",2016.0,7.0
ProbFold: a probabilistic method for integration of probing data in RNA secondary structure prediction,"Sudhakar Sahoo, Michał P. Świtnicki, Jakob Skou Pedersen",2016.0,6.0
Identifying cell-specific microRNA transcriptional start sites,"Xu Hua, Luxiao Chen, Jin Wang, Jie Li, Edgar Wingender",2016.0,14.0
"Romulus: robust multi-state identification 
of transcription factor binding sites from 
DNase-seq data","Aleksander Jankowski, Jerzy Tiuryn, Shyam Prabhakar",2016.0,15.0
OxyBS: estimation of 5-methylcytosine and 5-hydroxymethylcytosine from tandem-treated oxidative bisulfite and bisulfite DNA,"E. Andres Houseman, Kevin C. Johnson, Brock C. Christensen",2016.0,21.0
SCell: integrated analysis of single-cell RNA-seq data,"Aaron Diaz, Siyuan J. Liu, Carmen Sandoval, Alex Pollen, Tom J. Nowakowski ...",2016.0,37.0
Mollack: a web server for the automated creation of conformational ensembles for intrinsically disordered proteins,"Zachary Ziegler, Molly Schmidt, Thomas Gurry, Virginia Burger, Collin M. Stultz",2016.0,2.0
e23D: database and visualization of A-to-I RNA editing sites mapped to 3D protein structures,"Oz Solomon, Eran Eyal, Ninette Amariglio, Ron Unger, Gidi Rechavi",2016.0,3.0
gkmSVM: an R package for gapped-kmer SVM,"Mahmoud Ghandi, Morteza Mohammad-Noori, Narges Ghareghani, Dongwon Lee, Levi Garraway ...",2016.0,
TreeQTL: hierarchical error control for eQTL findings,"C. B. Peterson, M. Bogomolov, Y. Benjamini, C. Sabatti",2016.0,30.0
OREMPRO web server: orientation and assessment of atomistic and coarse-grained structures of membrane proteins,"Guillaume Postic, Yassine Ghouzam, Jean-Christophe Gelly",2016.0,9.0
MEMO: multi-experiment mixture model analysis of censored data,"Eva-Maria Geissen, Jan Hasenauer, Stephanie Heinrich, Silke Hauf, Fabian J. Theis ...",2016.0,5.0
Sparse group factor analysis for biclustering of multiple data sources,"Kerstin Bunte, Eemeli Leppäaho, Inka Saarinen, Samuel Kaski",2016.0,35.0
Beta-Poisson model for single-cell RNA-seq data analyses,"Trung Nghia Vu, Quin F. Wills, Krishna R. Kalari, Nifang Niu, Liewei Wang ...",2016.0,76.0
Shape complementarity and hydrogen bond preferences in protein–protein interfaces: implications for antibody modeling and protein–protein docking,"Daisuke Kuroda, Jeffrey J. Gray",2016.0,38.0
hotspot: software to support sperm-typing for investigating recombination hotspots,"Linda Odenthal-Hesse, Julien Y. Dutheil, Fabian Klötzl, Bernhard Haubold",2016.0,1.0
Muxstep: an open-source C ++ multiplex HMM library for making inferences on multiple data types,"Petar Veličković, Pietro Liò",2016.0,1.0
MINTbase: a framework for the interactive exploration of mitochondrial and nuclear tRNA fragments,"Venetia Pliatsika, Phillipe Loher, Aristeidis G. Telonis, Isidore Rigoutsos",2016.0,49.0
TOPDOM: database of conservatively located domains and motifs in proteins,"Julia Varga, László Dobson, Gábor E. Tusnády",2016.0,2.0
PREDAC-H3: a user-friendly platform for antigenic surveillance of human influenza a(H3N2) virus based on hemagglutinin sequences,"Yousong Peng, Lei Yang, Honglei Li, Yuanqiang Zou, Lizong Deng ...",2016.0,5.0
R2C: improving ab initio residue contact map prediction using dynamic fusion strategy and Gaussian noise filter,"Jing Yang, Qi-Yu Jin, Biao Zhang, Hong-Bin Shen",2016.0,26.0
flowAI: automatic and interactive anomaly discerning tools for flow cytometry data,"Gianni Monaco, Hao Chen, Michael Poidinger, Jinmiao Chen, João Pedro de Magalhães ...",2016.0,40.0
Quality control of single-cell RNA-seq by SinQC,"Peng Jiang, James A. Thomson, Ron Stewart",2016.0,24.0
ProtPOS: a python package for the prediction of protein preferred orientation on a surface,"Jimmy C. F. Ngai, Pui-In Mak, Shirley W. I. Siu",2016.0,3.0
INPS-MD: a web server to predict stability of protein variants from sequence and structure,"Castrense Savojardo, Piero Fariselli, Pier Luigi Martelli, Rita Casadio",2016.0,59.0
Tools4miRs – one place to gather all the tools for miRNA analysis,"Anna Lukasik, Maciej Wójcikowski, Piotr Zielenkiewicz",2016.0,37.0
CHiCP: a web-based tool for the integrative and interactive visualization of promoter capture Hi-C datasets,"E. C. Schofield, T. Carver, P. Achuthan, P. Freire-Pritchett, M. Spivakov ...",2016.0,63.0
iDHS-EL: identifying DNase I hypersensitive sites by fusing three different modes of pseudo nucleotide composition into an ensemble learning framework,"Bin Liu, Ren Long, Kuo-Chen Chou",2016.0,185.0
Memdock: an α-helical membrane protein docking algorithm,"Naama Hurwitz, Dina Schneidman-Duhovny, Haim J. Wolfson",2016.0,20.0
methyLiftover: cross-platform DNA methylation data integration,"Alexander J. Titus, E. Andrés Houseman, Kevin C. Johnson, Brock C. Christensen",2016.0,5.0
"MOCAT2: a metagenomic assembly, annotation and profiling framework","Jens Roat Kultima, Luis Pedro Coelho, Kristoffer Forslund, Jaime Huerta-Cepas, Simone S. Li ...",2016.0,97.0
Efficient identification and analysis of chemical exchange in biomolecules by R1ρ relaxation dispersion with Amaterasu,"Erik Walinda, Daichi Morimoto, Mayu Nishizawa, Masahiro Shirakawa, Kenji Sugase",2016.0,6.0
SBtab: a flexible table format for data exchange in systems biology,"Timo Lubitz, Jens Hahn, Frank T. Bergmann, Elad Noor, Edda Klipp ...",2016.0,27.0
gEVAL — a web-based browser for evaluating genome assemblies,"William Chow, Kim Brugger, Mario Caccamo, Ian Sealy, James Torrance ...",2016.0,15.0
ProtAnnot: an App for Integrated Genome Browser to display how alternative splicing and transcription affect proteins,"Tarun Mall, John Eckstein, David Norris, Hiral Vora, Nowlan H. Freese ...",2016.0,10.0
mDCC_tools: characterizing multi-modal atomic motions in molecular dynamics trajectories,"Kota Kasahara, Neetha Mohan, Ikuo Fukuda, Haruki Nakamura",2016.0,2.0
MGEScan: a Galaxy-based system for identifying retrotransposons in genomes,"Hyungro Lee, Minsu Lee, Wazim Mohammed Ismail, Mina Rho, Geoffrey C. Fox ...",2016.0,14.0
Cell-free DNA fragment-size distribution analysis for non-invasive prenatal CNV prediction,"Aryan Arbabi, Ladislav Rampášek, Michael Brudno",2016.0,7.0
ProbOnto: ontology and knowledge base of probability distributions,"Maciej J. Swat, Pierre Grenon, Sarala Wimalaratne",2016.0,17.0
"2dSpAn: semiautomated 2-d segmentation, classification and analysis of hippocampal dendritic spine plasticity","Subhadip Basu, Dariusz Plewczynski, Satadal Saha, Matylda Roszkowska, Marta Magnowska ...",2016.0,25.0
GenomeRunner web server: regulatory similarity and differences define the functional impact of SNP sets,"Mikhail G. Dozmorov, Lukas R. Cara, Cory B. Giles, Jonathan D. Wren",2016.0,19.0
Drug-induced adverse events prediction with the LINCS L1000 data,"Zichen Wang, Neil R. Clark, Avi Ma’ayan",2016.0,92.0
pileup.js: a JavaScript library for interactive and in-browser visualization of genomic data,"Dan Vanderkam, B. Arman Aksoy, Isaac Hodes, Jaclyn Perrone, Jeff Hammerbacher",2016.0,20.0
HLaffy: estimating peptide affinities for Class-1 HLA molecules by learning position-specific pair potentials,"Sumanta Mukherjee, Chiranjib Bhattacharyya, Nagasuma Chandra",2016.0,9.0
"SNPhood: investigate, quantify and visualise the epigenomic neighbourhood of SNPs using NGS data","Christian Arnold, Pooja Bhat, Judith B. Zaugg",2016.0,3.0
"NSimScan: DNA comparison tool with increased speed, sensitivity and accuracy","Vladimir Novichkov, Anna Kaznadzey, Natalia Alexandrova, Denis Kaznadzey",2016.0,9.0
Genome-scale prediction of moonlighting proteins using diverse protein association information,"Ishita K. Khan, Daisuke Kihara",2016.0,21.0
CellMiner Companion: an interactive web application to explore CellMiner NCI-60 data,"Sufang Wang, Michael Gribskov, Tony R. Hazbun, Pete E. Pascuzzi",2016.0,10.0
Deep models for brain EM image segmentation: novel insights and improved performance,"Ahmed Fakhry, Hanchuan Peng, Shuiwang Ji",2016.0,43.0
DUDes: a top-down taxonomic profiler for metagenomics,"Vitor C. Piro, Martin S. Lindner, Bernhard Y. Renard",2016.0,31.0
FREGAT: an R package for region-based association analysis,"Nadezhda M. Belonogova, Gulnara R. Svishcheva, Tatiana I. Axenovich",2016.0,11.0
PinSnps: structural and functional analysis of SNPs in the context of protein interaction networks,"Hui-Chun Lu, Julián Herrera Braga, Franca Fraternali",2016.0,18.0
Quantitative phosphoproteomics-based molecular network description for high-resolution kinase-substrate interactome analysis,"Yuta Narushima, Hiroko Kozuka-Hata, Kouhei Tsumoto, Jun-Ichiro Inoue, Masaaki Oyama",2016.0,17.0
HilbertCurve: an R/Bioconductor package for high-resolution visualization of genomic data,"Zuguang Gu, Roland Eils, Matthias Schlesner",2016.0,14.0
"BLESS 2: accurate, memory-efficient and fast error correction method","Yun Heo, Anand Ramachandran, Wen-Mei Hwu, Jian Ma, Deming Chen",2016.0,23.0
Canvas: versatile and scalable detection of copy number variants,"Eric Roller, Sergii Ivakhno, Steve Lee, Thomas Royce, Stephen Tanner",2016.0,70.0
DisGeNET-RDF: harnessing the innovative power of the Semantic Web to explore the genetic basis of diseases,"Núria Queralt-Rosinach, Janet Piñero, Àlex Bravo, Ferran Sanz, Laura I. Furlong",2016.0,51.0
Haplotype synthesis analysis reveals functional variants underlying known genome-wide associated susceptibility loci,"André Lacour, David Ellinghaus, Stefan Schreiber, Andre Franke, Tim Becker",2016.0,2.0
XIBD: software for inferring pairwise identity by descent on the X chromosome,"Lyndal Henden, David Wakeham, Melanie Bahlo",2016.0,11.0
MOLGENIS/connect: a system for semi-automatic integration of heterogeneous phenotype data with applications in biobanks,"Chao Pang, David van Enckevort, Mark de Haan, Fleur Kelpin, Jonathan Jetten ...",2016.0,12.0
jSplice: a high-performance method for accurate prediction of alternative splicing events and its application to large-scale renal cancer transcriptome data,"Yann Christinat, Rafał Pawłowski, Wilhelm Krek",2016.0,9.0
Minimap and miniasm: fast mapping and de novo assembly for noisy long sequences,Heng Li,2016.0,512.0
Characterizing gene sets using discriminative random walks with restart on heterogeneous biological networks,"Charles Blatti, Saurabh Sinha",2016.0,35.0
Detecting critical state before phase transition of complex biological systems by hidden Markov model,"Pei Chen, Rui Liu, Yongjun Li, Luonan Chen",2016.0,34.0
Ferret: a user-friendly Java tool to extract data from the 1000 Genomes Project,"Sophie Limou, Andrew M. Taverner, Cheryl A. Winkler",2016.0,
chopBAI: BAM index reduction solves I/O bottlenecks in the joint analysis of large sequencing cohorts,"Birte Kehr, Páll Melsted",2016.0,
Inferring gene targets of drugs and chemical compounds from gene expression profiles,"Heeju Noh, Rudiyanto Gunawan",2016.0,14.0
SharpViSu: integrated analysis and segmentation of super-resolution microscopy data,"Leonid Andronov, Yves Lutz, Jean-Luc Vonesch, Bruno P. Klaholz",2016.0,19.0
Integrated genome browser: visual analytics platform for genomics,"Nowlan H. Freese, David C. Norris, Ann E. Loraine",2016.0,182.0
EBglmnet: a comprehensive R package for sparse generalized linear regression models,"Anhui Huang, Dianting Liu",2016.0,7.0
LS-GKM: a new gkm-SVM for large-scale datasets,Dongwon Lee,2016.0,54.0
MeCorS: Metagenome-enabled error correction of single cell sequencing reads,"Andreas Bremges, Esther Singer, Tanja Woyke, Alexander Sczyrba",2016.0,7.0
Dr.seq: a quality control and analysis pipeline for droplet sequencing,"Xiao Huo, Sheng’en Hu, Chengchen Zhao, Yong Zhang",2016.0,2.0
TreeDom: a graphical web tool for analysing domain architecture evolution,"Christian Haider, Marina Kavic, Erik L.L. Sonnhammer",2016.0,3.0
ARGs-OAP: online analysis pipeline for antibiotic resistance genes detection from metagenomic data using an integrated structured ARG-database,"Ying Yang, Xiaotao Jiang, Benli Chai, Liping Ma, Bing Li ...",2016.0,122.0
FRODOCK 2.0: fast protein–protein docking server,"Erney Ramírez-Aportela, José Ramón López-Blanco, Pablo Chacón",2016.0,55.0
ll-ACHRB: a scalable algorithm for sampling the feasible solution space of metabolic networks,"Pedro A. Saa, Lars K. Nielsen",2016.0,27.0
PinaColada: peptide–inhibitor ant colony ad-hoc design algorithm,"Daniel Zaidman, Haim J. Wolfson",2016.0,16.0
D3M: detection of differential distributions of methylation levels,"Yusuke Matsui, Masahiro Mizuta, Satoshi Ito, Satoru Miyano, Teppei Shimamura",2016.0,3.0
On genomic repeats and reproducibility,"Can Firtina, Can Alkan",2016.0,
GSP: a web-based platform for designing genome-specific primers in polyploids,"Yi Wang, Vijay K. Tiwari, Nidhi Rawat, Bikram S. Gill, Naxin Huo ...",2016.0,19.0
chromPlot: visualization of genomic data in chromosomal context,"Karen Y. Oróstica, Ricardo A. Verdugo",2016.0,18.0
Rapid genotype refinement for whole-genome sequencing data using multi-variate normal distributions,"Rudy Arthur, Jared O’Connell, Ole Schulz-Trieglaff, Anthony J. Cox",2016.0,3.0
cit: hypothesis testing software for mediation analysis in genomic applications,"Joshua Millstein, Gary K. Chen, Carrie V. Breton",2016.0,11.0
"Analysis of CFSE time-series data using division-, age- and label-structured population models","Sabrina Hross, Jan Hasenauer",2016.0,32.0
Goldilocks: a tool for identifying genomic regions that are ‘just right’,"Samuel M. Nicholls, Amanda Clare, Joshua C. Randall",2016.0,2.0
Tally: a scoring tool for boundary determination between repetitive and non-repetitive protein sequences,"François D. Richard, Ronnie Alves, Andrey V. Kajava",2016.0,2.0
Assessing statistical significance in multivariable genome wide association analysis,"Laura Buzdugan, Markus Kalisch, Arcadi Navarro, Daniel Schunk, Ernst Fehr ...",2016.0,29.0
The spatiotemporal order of signaling events unveils the logic of development signaling,"Hao Zhu, Markus R. Owen, Yanlan Mao",2016.0,1.0
Pathway analysis by randomization incorporating structure—PARIS: an update,"Mariusz Butkiewicz, Jessica N. Cooke Bailey, Alex Frase, Scott Dudek, Brian L. Yaspan ...",2016.0,7.0
Visual Omics Explorer (VOE): a cross-platform portal for interactive data visualization,"Baekdoo Kim, Thahmina Ali, Samuel Hosmer, Konstantinos Krampis",2016.0,11.0
ORFanFinder: automated identification of taxonomically restricted orphan genes,"Alex Ekstrom, Yanbin Yin",2016.0,10.0
"UniProt-DAAC: domain architecture alignment and classification, a new method for automatic functional annotation in UniProtKB","Tunca Doğan, Alistair MacDougall, Rabie Saidi, Diego Poggioli, Alex Bateman ...",2016.0,19.0
repgenHMM: a dynamic programming tool to infer the rules of immune receptor generation from sequence data,"Yuval Elhanati, Quentin Marcou, Thierry Mora, Aleksandra M. Walczak",2016.0,32.0
"Branch: an interactive, web-based tool for testing hypotheses and developing predictive models","Karthik Gangavarapu, Vyshakh Babji, Tobias Meißner, Andrew I. Su, Benjamin M. Good",2016.0,3.0
Simulated single molecule microscopy with SMeagol,"Martin Lindén, Vladimir Ćurić, Alexis Boucharin, David Fange, Johan Elf",2016.0,
MetaKTSP: a meta-analytic top scoring pair method for robust cross-study validation of omics prediction analysis,"SungHwan Kim, Chien-Wei Lin, George. C. Tseng",2016.0,20.0
IsomiR Bank: a research resource for tracking IsomiRs,"Yuanwei Zhang, Qiguang Zang, Bo Xu, Wei Zheng, Rongjun Ban ...",2016.0,36.0
AlgoRun: a Docker-based packaging system for platform-agnostic implemented algorithms,"Abdelrahman Hosny, Paola Vera-Licona, Reinhard Laubenbacher, Thibauld Favre",2016.0,33.0
Efficient privacy-preserving string search and an application in genomics,"Kana Shimizu, Koji Nuida, Gunnar Rätsch",2016.0,50.0
Assembly scaffolding with PE-contaminated mate-pair libraries,"Kristoffer Sahlin, Rayan Chikhi, Lars Arvestad",2016.0,28.0
SASpy: a PyMOL plugin for manipulation and refinement of hybrid models against small angle X-ray scattering data,"Alejandro Panjkovich, Dmitri I. Svergun",2016.0,22.0
Direct calculation of minimal cut sets involving a specific reaction knock-out,"Luis Tobalina, Jon Pey, Francisco J. Planes",2016.0,13.0
Detection and removal of spatial bias in multiwell assays,"Alexander Lachmann, Federico M. Giorgi, Mariano J. Alvarez, Andrea Califano",2016.0,11.0
Phasing for medical sequencing using rare variants and large haplotype reference panels,"Kevin Sharp, Warren Kretzschmar, Olivier Delaneau, Jonathan Marchini",2016.0,19.0
NMRPro: an integrated web component for interactive processing and visualization of NMR spectra,"Ahmed Mohamed, Canh Hao Nguyen, Hiroshi Mamitsuka",2016.0,7.0
PhamDB: a web-based application for building Phamerator databases,"James G. Lamine, Randall J. DeJong, Serita M. Nelesen",2016.0,7.0
A simple method to control over-alignment in the MAFFT multiple sequence alignment program,"Kazutaka Katoh, Daron M. Standley",2016.0,231.0
FRED 2: an immunoinformatics framework for Python,"Benjamin Schubert, Mathias Walzer, Hans-Philipp Brachvogel, András Szolek, Christopher Mohr ...",2016.0,
ecceTERA: comprehensive gene tree-species tree reconciliation using parsimony,"Edwin Jacox, Cedric Chauve, Gergely J. Szöllősi, Yann Ponty, Celine Scornavacca",2016.0,58.0
An algorithm for designing minimal microbial communities with desired metabolic capacities,"Alexander Eng, Elhanan Borenstein",2016.0,27.0
VariantBam: filtering and profiling of next-generational sequencing data using region-specific rules,"Jeremiah Wala, Cheng-Zhong Zhang, Matthew Meyerson, Rameen Beroukhim",2016.0,12.0
Alpha-CENTAURI: assessing novel centromeric repeat sequence variation with long read sequencing,"Volkan Sevim, Ali Bashir, Chen-Shan Chin, Karen H. Miga",2016.0,28.0
Cas-Database: web-based genome-wide guide RNA library design for gene knockout screens using CRISPR-Cas9,"Jeongbin Park, Jin-Soo Kim, Sangsu Bae",2016.0,29.0
BRAT-nova: fast and accurate mapping of bisulfite-treated reads,"Elena Y. Harris, Rachid Ounit, Stefano Lonardi",2016.0,14.0
MuCor: mutation aggregation and correlation,"Karl W. Kroll, Ann-Katherin Eisfeld, Gerard Lozanski, Clara D. Bloomfield, John C. Byrd ...",2016.0,
OpenSegSPIM: a user-friendly segmentation tool for SPIM data,"Laurent Gole, Kok Haur Ong, Thomas Boudier, Weimiao Yu, Sohail Ahmed",2016.0,4.0
Transcript structure and domain display: a customizable transcript visualization tool,"Kenneth A. Watanabe, Kaiwang Ma, Arielle Homayouni, Paul J. Rushton, Qingxi J. Shen",2016.0,1.0
Reaction Decoder Tool (RDT): extracting features from chemical reactions,"Syed Asad Rahman, Gilliean Torrance, Lorenzo Baldacci, Sergio Martínez Cuesta, Franz Fenninger ...",2016.0,45.0
metaCCA: summary statistics-based multivariate meta-analysis of genome-wide association studies using canonical correlation analysis,"Anna Cichonska, Juho Rousu, Pekka Marttinen, Antti J. Kangas, Pasi Soininen ...",2016.0,
A web application for sample size and power calculation in case-control microbiome studies,"Federico Mattiello, Bie Verbist, Karoline Faust, Jeroen Raes, William D. Shannon ...",2016.0,27.0
PON-Sol: prediction of effects of amino acid substitutions on protein solubility,"Yang Yang, Abhishek Niroula, Bairong Shen, Mauno Vihinen",2016.0,24.0
Coala: an R framework for coalescent simulation,"Paul R. Staab, Dirk Metzler",2016.0,
RIPPER: a framework for MS1 only metabolomics and proteomics label-free relative quantification,"Susan K. Van Riper, LeeAnn Higgins, John V. Carlis, Timothy J. Griffin",2016.0,13.0
Multilevel biological characterization of exomic variants at the protein level significantly improves the identification of their deleterious effects,"Daniele Raimondi, Andrea M. Gazzo, Marianne Rooman, Tom Lenaerts, Wim F. Vranken",2016.0,18.0
FRAGSION: ultra-fast protein fragment library generation by IOHMM sampling,"Debswapna Bhattacharya, Badri Adhikari, Jilong Li, Jianlin Cheng",2016.0,7.0
fqtools: an efficient software suite for modern FASTQ file manipulation,Alastair P. Droop,2016.0,16.0
Beyond accuracy: creating interoperable and scalable text-mining web services,"Chih-Hsuan Wei, Robert Leaman, Zhiyong Lu",2016.0,33.0
EPS: an empirical Bayes approach to integrating pleiotropy and tissue-specific information for prioritizing risk genes,"Jin Liu, Xiang Wan, Shuangge Ma, Can Yang",2016.0,15.0
A quantitative model for oxygen uptake and release in a family of hemeproteins,"Juan P. Bustamante, María E. Szretter, Mariela Sued, Marcelo A. Martí, Darío A. Estrin ...",2016.0,12.0
Isoform-level ribosome occupancy estimation guided by transcript abundance with Ribomap,"Hao Wang, Joel McManus, Carl Kingsford",2016.0,27.0
dbDSM: a manually curated database for deleterious synonymous mutations,"Pengbo Wen, Peng Xiao, Junfeng Xia",2016.0,19.0
Computationally expanding infinium HumanMethylation450 BeadChip array data to reveal distinct DNA methylation patterns of rheumatoid arthritis,"Shicai Fan, Chengzhe Li, Rizi Ai, Mengchi Wang, Gary S. Firestein ...",2016.0,23.0
RVTESTS: an efficient and comprehensive tool for rare variant association analysis using sequence data,"Xiaowei Zhan, Youna Hu, Bingshan Li, Goncalo R. Abecasis, Dajiang J. Liu",2016.0,191.0
Multiple structure single parameter: analysis of a single protein nano environment descriptor characterizing a shared loci on structurally aligned proteins,"José Augusto Salim, Luiz Borro, Ivan Mazoni, Inácio Yano, José G. Jardine ...",2016.0,
KiT: a MATLAB package for kinetochore tracking,"Jonathan W. Armond, Elina Vladimirou, Andrew D. McAinsh, Nigel J. Burroughs",2016.0,
solarius: an R interface to SOLAR for variance component analysis in pedigrees,"Andrey Ziyatdinov, Helena Brunel, Angel Martinez-Perez, Alfonso Buil, Alexandre Perera ...",2016.0,15.0
BALL-SNPgp—from genetic variants toward computational diagnostics,"Sabine C. Mueller, Christina Backes, Alexander Gress, Nina Baumgarten, Olga V. Kalinina ...",2016.0,
Privacy-preserving microbiome analysis using secure computation,"Justin Wagner, Joseph N. Paulson, Xiao Wang, Bobby Bhattacharjee, Héctor Corrada Bravo",2016.0,13.0
Trinculo: Bayesian and frequentist multinomial logistic regression for genome-wide association studies of multi-category phenotypes,"Luke Jostins, Gilean McVean",2016.0,21.0
"SplAdder: identification, quantification and testing of alternative splicing events from RNA-Seq data","André Kahles, Cheng Soon Ong, Yi Zhong, Gunnar Rätsch",2016.0,63.0
Selecting a classification function for class prediction with gene expression data,"Victor L. Jong, Putri W. Novianti, Kit C.B. Roes, Marinus J.C. Eijkemans",2016.0,10.0
An empirical Bayes change-point model for identifying 3′ and 5′ alternative splicing by next-generation RNA sequencing,"Jie Zhang, Zhi Wei",2016.0,10.0
An efficient gene–gene interaction test for genome-wide association studies in trio families,"Pei-Yuan Sung, Yi-Ting Wang, Ya-Wen Yu, Ren-Hua Chung",2016.0,10.0
Predicting physiologically relevant SH3 domain mediated protein–protein interactions in yeast,"Shobhit Jain, Gary D. Bader",2016.0,6.0
MOCCASIN: converting MATLAB ODE models to SBML,"Harold F. Gómez, Michael Hucka, Sarah M. Keating, German Nudelman, Dagmar Iber ...",2016.0,8.0
TRONCO: an R package for the inference of cancer progression models from heterogeneous genomic data,"Luca De Sano, Giulio Caravagna, Daniele Ramazzotti, Alex Graudenzi, Giancarlo Mauri ...",2016.0,25.0
A zero-inflated Poisson model for insertion tolerance analysis of genes based on Tn-seq data,"Fangfang Liu, Chong Wang, Zuowei Wu, Qijing Zhang, Peng Liu",2016.0,12.0
Optimization of alignment-based methods for taxonomic binning of metagenomics reads,"Magali Jaillard, Maud Tournoud, Faustine Meynier, Jean-Baptiste Veyrieras",2016.0,2.0
The geospatial data quality REST API for primary biodiversity data,"Javier Otegui, Robert P. Guralnick",2016.0,12.0
Integrative analysis for identifying joint modular patterns of gene-expression and drug-response data,"Jinyu Chen, Shihua Zhang",2016.0,48.0
GiANT: gene set uncertainty in enrichment analysis,"Florian Schmid, Matthias Schmid, Christoph Müssel, J. Eric Sträng, Christian Buske ...",2016.0,4.0
Model-based media selection to minimize the cost of metabolic cooperation in microbial ecosystems,"Mattia Zampieri, Uwe Sauer",2016.0,8.0
Sprites: detection of deletions from sequencing data by re-aligning split reads,"Zhen Zhang, Jianxin Wang, Junwei Luo, Xiaojun Ding, Jiancheng Zhong ...",2016.0,16.0
FastLSU: a more practical approach for the Benjamini–Hochberg FDR controlling procedure for huge-scale testing problems,"Vered Madar, Sandra Batista",2016.0,15.0
Library of binding protein scaffolds (LibBP): a computational platform for selection of binding protein scaffolds,"Seungpyo Hong, Dongsup Kim",2016.0,
BCFtools/RoH: a hidden Markov model approach for detecting autozygosity from next-generation sequencing data,"Vagheesh Narasimhan, Petr Danecek, Aylwyn Scally, Yali Xue, Chris Tyler-Smith ...",2016.0,229.0
ASDB: a resource for probing protein functions with small molecules,"Zhihong Liu, Peng Ding, Xin Yan, Minghao Zheng, Huihao Zhou ...",2016.0,6.0
Unipept web services for metaproteomics analysis,"Bart Mesuere, Toon Willems, Felix Van der Jeugt, Bart Devreese, Peter Vandamme ...",2016.0,
BioCircos.js: an interactive Circos JavaScript library for biological data visualization on web applications,"Ya Cui, Xiaowei Chen, Huaxia Luo, Zhen Fan, Jianjun Luo ...",2016.0,53.0
"FILTUS: a desktop GUI for fast and efficient detection of disease-causing variants, including a novel autozygosity detector","Magnus D. Vigeland, Kristina S. Gjøtterud, Kaja K. Selmer",2016.0,37.0
Galaxy Portal: interacting with the galaxy platform through mobile devices,"Claus Børnich, Ivar Grytten, Eivind Hovig, Jonas Paulsen, Martin Čech ...",2016.0,4.0
Differential methylation analysis for BS-seq data under general experimental design,"Yongseok Park, Hao Wu",2016.0,131.0
"BISQUE: locus- and variant-specific conversion of genomic, transcriptomic and proteomic database identifiers","Michael J. Meyer, Philip Geske, Haiyuan Yu",2016.0,2.0
DesignSignatures: a tool for designing primers that yields amplicons with distinct signatures,"Erik S. Wright, Kalin H. Vetsigian",2016.0,6.0
Computational approaches to define a human milk metaglycome,"Sanjay B. Agravat, Xuezheng Song, Teerapat Rojsajjakul, Richard D. Cummings, David F. Smith",2016.0,6.0
Alloscore: a method for predicting allosteric ligand–protein interactions,"Shuai Li, Qiancheng Shen, Minyi Su, Xinyi Liu, Shaoyong Lu ...",2016.0,20.0
ParDRe: faster parallel duplicated reads removal tool for sequencing studies,"Jorge González-Domínguez, Bertil Schmidt",2016.0,27.0
FamAgg: an R package to evaluate familial aggregation of traits in large pedigrees,"Johannes Rainer, Daniel Taliun, Yuri D’Elia, Cristian Pattaro, Francisco S. Domingues ...",2016.0,7.0
Quantitative trait association study for mean telomere length in the South Asian genomes,"Anna Hakobyan, Lilit Nersisyan, Arsen Arakelyan",2016.0,7.0
lodGWAS: a software package for genome-wide association analysis of biomarkers with a limit of detection,"Ahmad Vaez, Peter J. van der Most, Bram P. Prins, Harold Snieder, Edwin van den Heuvel ...",2016.0,5.0
PAA: an R/bioconductor package for biomarker discovery with protein microarrays,"Michael Turewicz, Maike Ahrens, Caroline May, Katrin Marcus, Martin Eisenacher",2016.0,12.0
ConceptMetab: exploring relationships among metabolite sets to identify links among biomedical concepts,"Raymond G. Cavalcante, Snehal Patil, Terry E. Weymouth, Kestutis G. Bendinskas, Alla Karnovsky ...",2016.0,8.0
MS-REDUCE: an ultrafast technique for reduction of big mass spectrometry data for high-throughput processing,"Muaaz Gul Awan, Fahad Saeed",2016.0,16.0
TFBSTools: an R/bioconductor package for transcription factor binding site analysis,"Ge Tan, Boris Lenhard",2016.0,127.0
Structured sparse canonical correlation analysis for brain imaging genetics: an improved GraphNet method,"Lei Du, Heng Huang, Jingwen Yan, Sungeun Kim, Shannon L. Risacher ...",2016.0,52.0
Vasohibins: new transglutaminase-like cysteine proteases possessing a non-canonical Cys-His-Ser catalytic triad,"Luis Sanchez-Pulido, Chris P. Ponting",2016.0,25.0
Multi-task consensus clustering of genome-wide transcriptomes from related biological conditions,"Zhen Niu, Deborah Chasman, Amie J. Eisfeld, Yoshihiro Kawaoka, Sushmita Roy",2016.0,6.0
Inclusion of dyad-repeat pattern improves topology prediction of transmembrane β-barrel proteins,"Sikander Hayat, Christoph Peters, Nanjiang Shu, Konstantinos D. Tsirigos, Arne Elofsson",2016.0,45.0
ELASPIC web-server: proteome-wide structure-based prediction of mutation effects on protein stability and binding affinity,"Daniel K. Witvliet, Alexey Strokach, Andrés Felipe Giraldo-Forero, Joan Teyra, Recep Colak ...",2016.0,33.0
The TraDIS toolkit: sequencing and analysis for dense transposon mutant libraries,"Lars Barquist, Matthew Mayho, Carla Cummins, Amy K. Cain, Christine J. Boinett ...",2016.0,79.0
Piecewise parameter estimation for stochastic models in COPASI,"Frank T. Bergmann, Sven Sahle, Christoph Zimmer",2016.0,6.0
lnCaNet: pan-cancer co-expression network for human lncRNA and cancer genes,"Yining Liu, Min Zhao",2016.0,38.0
MultiGeMS: detection of SNVs from multiple samples using model selection on high-throughput sequencing data,"Gabriel H. Murillo, Na You, Xiaoquan Su, Wei Cui, Muredach P. Reilly ...",2016.0,4.0
Sampletrees and Rsampletrees: sampling gene genealogies conditional on SNP genotype data,"Kelly M. Burkett, Brad McNeney, Jinko Graham",2016.0,3.0
Multi-omics enrichment analysis using the GeneTrail2 web service,"Daniel Stöckel, Tim Kehl, Patrick Trampert, Lara Schneider, Christina Backes ...",2016.0,104.0
Protein backbone ensemble generation explores the local structural space of unseen natural homologs,"Christian D. Schenkelberg, Christopher Bystroff",2016.0,4.0
Orthogonal matrix factorization enables integrative analysis of multiple RNA binding proteins,"Martin Stražar, Marinka Žitnik, Blaž Zupan, Jernej Ule, Tomaž Curk",2016.0,72.0
EPI-peptide designer: a tool for designing peptide ligand libraries based on epitope–paratope interactions,"B. Viart, C. Dias-Lopes, E. Kozlova, C. F. B. Oliveira, C. Nguyen ...",2016.0,11.0
GeneValidator: identify problems with protein-coding gene predictions,"Monica-Andreea Drăgan, Ismail Moghul, Anurag Priyam, Claudio Bustos, Yannick Wurm",2016.0,18.0
FINEMAP: efficient variable selection using summary data from genome-wide association studies,"Christian Benner, Chris C.A. Spencer, Aki S. Havulinna, Veikko Salomaa, Samuli Ripatti ...",2016.0,259.0
Realizing privacy preserving genome-wide association studies,"Sean Simmons, Bonnie Berger",2016.0,51.0
"SIRAH tools: mapping, backmapping and visualization of coarse-grained models","Matías R. Machado, Sergio Pantano",2016.0,55.0
Computational discovery of pathway-level genetic vulnerabilities in non-small-cell lung cancer,"Jonathan H. Young, Michael Peyton, Hyun Seok Kim, Elizabeth McMillan, John D. Minna ...",2016.0,8.0
Integration of string and de Bruijn graphs for genome assembly,"Yao-Ting Huang, Chen-Fu Liao",2016.0,12.0
MTG2: an efficient algorithm for multivariate linear mixed model analysis based on genomic information,"S. H. Lee, J. H. J. van der Werf",2016.0,89.0
Collaborative analysis of multi-gigapixel imaging data using Cytomine,"Raphaël Marée, Loïc Rollus, Benjamin Stévens, Renaud Hoyoux, Gilles Louppe ...",2016.0,84.0
EpimiRBase: a comprehensive database of microRNA-epilepsy associations,"Catherine Mooney, Brett A. Becker, Rana Raoof, David C. Henshall",2016.0,27.0
OEFinder: a user interface to identify and visualize ordering effects in single-cell RNA-seq data,"Ning Leng, Jeea Choi, Li-Fang Chu, James A. Thomson, Christina Kendziorski ...",2016.0,15.0
Estimating the number and assignment of clock models in analyses of multigene datasets,"Sebastián Duchêne, Charles S. P. Foster, Simon Y. W. Ho",2016.0,5.0
SV-Bay: structural variant detection in cancer genomes using a Bayesian approach with correction for GC-content and read mappability,"Daria Iakovishina, Isabelle Janoueix-Lerosey, Emmanuel Barillot, Mireille Regnier, Valentina Boeva",2016.0,30.0
MMseqs software suite for fast and deep clustering and searching of large protein sequence sets,"Maria Hauser, Martin Steinegger, Johannes Söding",2016.0,39.0
Modelling-based experiment retrieval: a case study with gene expression clustering,"Paul Blomstedt, Ritabrata Dutta, Sohan Seth, Alvis Brazma, Samuel Kaski",2016.0,6.0
Bayesian variable selection for binary outcomes in high-dimensional genomic studies using non-local priors,"Amir Nikooienejad, Wenyi Wang, Valen E. Johnson",2016.0,27.0
PINCAGE: probabilistic integration of cancer genomics data for perturbed gene identification and sample classification,"Michał P. Świtnicki, Malene Juul, Tobias Madsen, Karina D. Sørensen, Jakob S. Pedersen",2016.0,7.0
UCSC Data Integrator and Variant Annotation Integrator,"Angie S. Hinrichs, Brian J. Raney, Matthew L. Speir, Brooke Rhead, Jonathan Casper ...",2016.0,40.0
MAESTROweb: a web server for structure-based protein stability prediction,"Josef Laimer, Julia Hiebl-Flach, Daniel Lengauer, Peter Lackner",2016.0,46.0
Improving microRNA target prediction by modeling with unambiguously identified microRNA-target pairs from CLIP-ligation studies,Xiaowei Wang,2016.0,187.0
Path2PPI: an R package to predict protein–protein interaction networks for a set of proteins,"Oliver Philipp, Heinz D. Osiewacz, Ina Koch",2016.0,9.0
ProQ2: estimation of model accuracy implemented in Rosetta,"Karolis Uziela, Björn Wallner",2016.0,44.0
Prediction of missing sequences and branch lengths in phylogenomic data,"Diego Darriba, Michael Weiß, Alexandros Stamatakis",2016.0,14.0
VIRALpro: a tool to identify viral capsid and tail sequences,"Clovis Galiez, Christophe N. Magnan, Francois Coste, Pierre Baldi",2016.0,10.0
Accurate mapping of tRNA reads,"Anne Hoffmann, Jörg Fallmann, Elisa Vilardo, Mario Mörl, Peter F Stadler ...",2016.0,793.0
Identifying simultaneous rearrangements in cancer genomes,"Layla Oesper, Simone Dantas, Benjamin J Raphael",2016.0,
Author Index,,2016.0,4.0
Domain prediction with probabilistic directional context,"Alejandro Ochoa, Mona Singh",2016.0,7.0
Succinct colored de Bruijn graphs,"Martin D Muggli, Alexander Bowe, Noelle R Noyes, Paul S Morley, Keith E Belk ...",2016.0,
The JWS online simulation database,"Martin Peters, Johann J Eicher, David D van Niekerk, Dagmar Waltemath, Jacky L Snoep",2016.0,2.0
GWAR: robust analysis and meta-analysis of genome-wide association studies,"Niki L Dimou, Konstantinos D Tsirigos, Arne Elofsson, Pantelis G Bagos",2016.0,1.0
Bayesian network–response regression,"Lu Wang, Daniele Durante, Rex E Jung, David B Dunson",2016.0,59.0
Ancestral sequence reconstruction: accounting for structural information by averaging over replacement matrices,"Asher Moshe, Tal Pupko",2016.0,27.0
Author Index,,2016.0,4.0
Author Index,,2016.0,4.0
Practical dynamic de Bruijn graphs,"Victoria G Crawford, Alan Kuhnle, Christina Boucher, Rayan Chikhi, Travis Gagie",2016.0,22.0
Accurate mapping of tRNA reads,"Anne Hoffmann, Jörg Fallmann, Elisa Vilardo, Mario Mörl, Peter F Stadler ...",2016.0,793.0
Locality-sensitive hashing for the edit distance,"Guillaume Marçais, Dan DeBlasio, Prashant Pandey, Carl Kingsford",2016.0,24.0
Author Index,,2016.0,4.0
Positive multistate protein design,"Jelena Vucinic, David Simoncini, Manon Ruffini, Sophie Barbe, Thomas Schiex",2016.0,21.0
TPES: tumor purity estimation from SNVs,"Alessio Locallo, Davide Prandi, Tarcisio Fedrizzi, Francesca Demichelis",2016.0,29.0
VINYL: Variant prIoritizatioN by survivaL analysis,"Matteo Chiara, Pietro Mandreoli, Marco Antonio Tangaro, Anna Maria D’Erchia, Sandro Sorrentino ...",2016.0,4.0
The COVID-19 Ontology,"Astghik Sargsyan, Alpha Tom Kodamullil, Shounak Baksi, Johannes Darms, Sumit Madan ...",2016.0,14.0
A Bayesian linear mixed model for prediction of complex traits,"Yang Hai, Yalu Wen",2016.0,59.0
A framework for modeling epistatic interaction,"David B Blumenthal, Jan Baumbach, Markus Hoffmann, Tim Kacprowski, Markus List",2016.0,20.0
Succinct Dynamic de Bruijn Graphs,"Bahar Alipanahi, Alan Kuhnle, Simon J Puglisi, Leena Salmela, Christina Boucher",2016.0,22.0
Sequoya: multiobjective multiple sequence alignment in Python,"Antonio Benítez-Hidalgo, Antonio J Nebro, José F Aldana-Montes",2016.0,323.0
