Source,Target,Type,Id,Label,timeset,Weight
0,1,Undirected,6624,,,2
0,2,Undirected,6625,,,2
0,3,Undirected,6626,,,2
0,4,Undirected,6627,,,2
1,2,Undirected,6629,,,4
1,3,Undirected,6630,,,2
1,4,Undirected,6631,,,4
1,1738,Undirected,6632,,,2
1,1739,Undirected,6633,,,2
2,3,Undirected,6636,,,2
2,4,Undirected,6637,,,4
2,1738,Undirected,6638,,,2
2,1739,Undirected,6639,,,2
3,4,Undirected,6643,,,2
4,1738,Undirected,6648,,,2
4,1739,Undirected,6649,,,2
5,6,Undirected,6650,,,2
5,7,Undirected,6651,,,2
5,8,Undirected,6652,,,2
5,9,Undirected,6653,,,2
6,7,Undirected,6655,,,2
6,8,Undirected,6656,,,2
6,9,Undirected,6657,,,2
7,8,Undirected,6660,,,2
7,9,Undirected,6661,,,2
8,9,Undirected,6665,,,2
10,11,Undirected,6670,,,2
10,12,Undirected,6671,,,2
10,13,Undirected,6672,,,2
10,14,Undirected,6673,,,2
11,12,Undirected,6675,,,2
11,13,Undirected,6676,,,2
11,14,Undirected,6677,,,2
12,13,Undirected,6680,,,2
12,14,Undirected,6681,,,2
13,14,Undirected,6685,,,2
14,96,Undirected,6690,,,2
14,97,Undirected,6691,,,2
15,16,Undirected,6692,,,2
15,17,Undirected,6693,,,2
16,17,Undirected,6695,,,2
18,19,Undirected,6698,,,2
18,20,Undirected,6699,,,2
18,21,Undirected,6700,,,2
19,20,Undirected,6702,,,2
19,21,Undirected,6703,,,2
20,21,Undirected,6706,,,2
22,23,Undirected,6710,,,2
24,25,Undirected,6712,,,2
24,26,Undirected,6713,,,2
24,27,Undirected,6714,,,2
25,26,Undirected,6716,,,2
25,27,Undirected,6717,,,2
26,27,Undirected,6720,,,2
28,29,Undirected,6724,,,2
28,30,Undirected,6725,,,2
28,31,Undirected,6726,,,2
28,606,Undirected,6727,,,2
28,607,Undirected,6728,,,2
28,608,Undirected,6729,,,2
28,609,Undirected,6730,,,2
29,30,Undirected,6732,,,2
29,31,Undirected,6733,,,2
29,606,Undirected,6734,,,2
29,607,Undirected,6735,,,2
29,608,Undirected,6736,,,2
29,609,Undirected,6737,,,2
30,31,Undirected,6740,,,2
30,606,Undirected,6741,,,2
30,607,Undirected,6742,,,2
30,608,Undirected,6743,,,2
30,609,Undirected,6744,,,2
31,606,Undirected,6748,,,2
31,607,Undirected,6749,,,2
31,608,Undirected,6750,,,2
31,609,Undirected,6751,,,2
32,33,Undirected,6752,,,2
32,34,Undirected,6753,,,2
32,35,Undirected,6754,,,2
32,36,Undirected,6755,,,2
33,34,Undirected,6757,,,2
33,35,Undirected,6758,,,2
33,36,Undirected,6759,,,2
34,35,Undirected,6762,,,2
34,36,Undirected,6763,,,2
35,36,Undirected,6767,,,2
37,38,Undirected,6772,,,2
37,39,Undirected,6773,,,2
37,40,Undirected,6774,,,2
38,39,Undirected,6776,,,2
38,40,Undirected,6777,,,2
39,40,Undirected,6780,,,2
41,42,Undirected,6784,,,2
41,43,Undirected,6785,,,2
41,44,Undirected,6786,,,2
41,45,Undirected,6787,,,2
42,43,Undirected,6789,,,2
42,44,Undirected,6790,,,2
42,45,Undirected,6791,,,2
43,44,Undirected,6794,,,2
43,45,Undirected,6795,,,2
44,45,Undirected,6799,,,2
46,47,Undirected,6804,,,2
46,48,Undirected,6805,,,2
46,49,Undirected,6806,,,2
46,50,Undirected,6807,,,2
47,48,Undirected,6809,,,2
47,49,Undirected,6810,,,2
47,50,Undirected,6811,,,2
48,49,Undirected,6814,,,2
48,50,Undirected,6815,,,2
49,50,Undirected,6819,,,2
51,52,Undirected,6824,,,2
51,53,Undirected,6825,,,2
51,54,Undirected,6826,,,2
51,55,Undirected,6827,,,2
52,53,Undirected,6829,,,2
52,54,Undirected,6830,,,2
52,55,Undirected,6831,,,2
53,54,Undirected,6834,,,2
53,55,Undirected,6835,,,2
54,55,Undirected,6839,,,2
56,57,Undirected,6844,,,4
56,58,Undirected,6845,,,4
56,59,Undirected,6846,,,4
57,58,Undirected,6848,,,4
57,59,Undirected,6849,,,4
58,59,Undirected,6852,,,4
60,61,Undirected,6856,,,2
60,62,Undirected,6857,,,2
60,63,Undirected,6858,,,2
60,64,Undirected,6859,,,2
60,1546,Undirected,6860,,,2
60,1684,Undirected,6861,,,2
60,1685,Undirected,6862,,,2
61,62,Undirected,6864,,,2
61,63,Undirected,6865,,,2
61,64,Undirected,6866,,,2
62,63,Undirected,6869,,,2
62,64,Undirected,6870,,,2
63,64,Undirected,6874,,,2
65,66,Undirected,6879,,,2
65,67,Undirected,6880,,,2
65,68,Undirected,6881,,,2
66,67,Undirected,6883,,,2
66,68,Undirected,6884,,,2
67,68,Undirected,6887,,,2
69,70,Undirected,6891,,,2
69,71,Undirected,6892,,,2
70,71,Undirected,6894,,,2
70,905,Undirected,6895,,,2
70,906,Undirected,6896,,,2
71,1387,Undirected,6899,,,2
71,1388,Undirected,6900,,,2
72,73,Undirected,6901,,,2
72,74,Undirected,6902,,,2
72,75,Undirected,6903,,,2
72,76,Undirected,6904,,,2
73,74,Undirected,6906,,,2
73,75,Undirected,6907,,,2
73,76,Undirected,6908,,,2
74,75,Undirected,6911,,,4
74,76,Undirected,6912,,,4
74,77,Undirected,6913,,,2
74,78,Undirected,6914,,,2
75,76,Undirected,6918,,,4
75,77,Undirected,6919,,,2
75,78,Undirected,6920,,,2
76,77,Undirected,6925,,,2
76,78,Undirected,6926,,,2
77,78,Undirected,6930,,,2
79,80,Undirected,6935,,,2
79,81,Undirected,6936,,,2
79,82,Undirected,6937,,,2
79,83,Undirected,6938,,,2
80,81,Undirected,6940,,,2
80,82,Undirected,6941,,,2
80,83,Undirected,6942,,,2
81,82,Undirected,6945,,,2
81,83,Undirected,6946,,,2
82,83,Undirected,6950,,,2
84,85,Undirected,6955,,,2
86,87,Undirected,6957,,,2
88,89,Undirected,6959,,,2
88,90,Undirected,6960,,,2
88,91,Undirected,6961,,,2
89,90,Undirected,6963,,,2
89,91,Undirected,6964,,,2
90,91,Undirected,6967,,,2
92,93,Undirected,6971,,,2
92,94,Undirected,6972,,,2
92,95,Undirected,6973,,,2
93,94,Undirected,6975,,,2
93,95,Undirected,6976,,,2
94,95,Undirected,6979,,,2
96,97,Undirected,6984,,,2
98,99,Undirected,6987,,,2
98,100,Undirected,6988,,,2
98,101,Undirected,6989,,,2
98,102,Undirected,6990,,,2
99,100,Undirected,6992,,,2
99,101,Undirected,6993,,,2
99,102,Undirected,6994,,,2
100,101,Undirected,6997,,,2
100,102,Undirected,6998,,,2
101,102,Undirected,7002,,,2
102,380,Undirected,7007,,,2
102,381,Undirected,7008,,,2
102,382,Undirected,7009,,,2
102,383,Undirected,7010,,,2
103,104,Undirected,7011,,,2
103,105,Undirected,7012,,,2
103,106,Undirected,7013,,,2
104,105,Undirected,7015,,,2
104,106,Undirected,7016,,,2
105,106,Undirected,7019,,,2
106,1570,Undirected,7023,,,2
106,1571,Undirected,7024,,,2
106,1572,Undirected,7025,,,2
106,1573,Undirected,7026,,,2
107,108,Undirected,7027,,,2
109,110,Undirected,7029,,,2
109,111,Undirected,7030,,,2
109,112,Undirected,7031,,,2
109,113,Undirected,7032,,,2
110,111,Undirected,7034,,,2
110,112,Undirected,7035,,,2
110,113,Undirected,7036,,,2
111,112,Undirected,7039,,,2
111,113,Undirected,7040,,,2
112,113,Undirected,7044,,,2
114,115,Undirected,7049,,,2
114,116,Undirected,7050,,,2
114,117,Undirected,7051,,,2
115,116,Undirected,7053,,,2
115,117,Undirected,7054,,,2
116,117,Undirected,7057,,,2
117,575,Undirected,7061,,,2
117,576,Undirected,7062,,,4
117,577,Undirected,7063,,,2
117,871,Undirected,7064,,,2
117,872,Undirected,7065,,,2
118,119,Undirected,7066,,,2
118,120,Undirected,7067,,,2
118,121,Undirected,7068,,,2
119,120,Undirected,7070,,,2
119,121,Undirected,7071,,,2
120,121,Undirected,7074,,,2
122,123,Undirected,7078,,,2
122,124,Undirected,7079,,,2
122,125,Undirected,7080,,,2
122,126,Undirected,7081,,,2
123,124,Undirected,7083,,,2
123,125,Undirected,7084,,,2
123,126,Undirected,7085,,,2
124,125,Undirected,7088,,,2
124,126,Undirected,7089,,,2
125,126,Undirected,7093,,,2
127,128,Undirected,7098,,,2
127,129,Undirected,7099,,,2
127,130,Undirected,7100,,,2
127,131,Undirected,7101,,,2
128,129,Undirected,7103,,,2
128,130,Undirected,7104,,,2
128,131,Undirected,7105,,,2
129,130,Undirected,7108,,,2
129,131,Undirected,7109,,,2
130,131,Undirected,7113,,,2
132,133,Undirected,7118,,,2
133,798,Undirected,7120,,,2
134,135,Undirected,7121,,,2
134,136,Undirected,7122,,,2
134,137,Undirected,7123,,,2
134,138,Undirected,7124,,,2
135,136,Undirected,7126,,,2
135,137,Undirected,7127,,,2
135,138,Undirected,7128,,,2
136,137,Undirected,7131,,,2
136,138,Undirected,7132,,,2
137,138,Undirected,7136,,,2
139,140,Undirected,7141,,,2
139,141,Undirected,7142,,,2
139,142,Undirected,7143,,,2
140,141,Undirected,7145,,,2
140,142,Undirected,7146,,,2
141,142,Undirected,7149,,,2
143,144,Undirected,7153,,,2
143,145,Undirected,7154,,,2
143,146,Undirected,7155,,,2
143,147,Undirected,7156,,,2
144,145,Undirected,7158,,,2
144,146,Undirected,7159,,,2
144,147,Undirected,7160,,,2
145,146,Undirected,7163,,,2
145,147,Undirected,7164,,,2
146,147,Undirected,7168,,,2
148,149,Undirected,7173,,,2
148,150,Undirected,7174,,,2
148,151,Undirected,7175,,,2
148,152,Undirected,7176,,,2
149,150,Undirected,7178,,,2
149,151,Undirected,7179,,,2
149,152,Undirected,7180,,,2
150,151,Undirected,7183,,,2
150,152,Undirected,7184,,,2
151,152,Undirected,7188,,,2
152,1674,Undirected,7193,,,2
152,1675,Undirected,7194,,,2
152,1676,Undirected,7195,,,2
152,1677,Undirected,7196,,,2
153,154,Undirected,7197,,,2
153,155,Undirected,7198,,,2
154,155,Undirected,7200,,,2
155,1128,Undirected,7203,,,2
155,1129,Undirected,7204,,,2
155,1130,Undirected,7205,,,2
156,157,Undirected,7206,,,2
156,158,Undirected,7207,,,2
156,159,Undirected,7208,,,2
156,160,Undirected,7209,,,2
157,158,Undirected,7211,,,2
157,159,Undirected,7212,,,2
157,160,Undirected,7213,,,4
157,203,Undirected,7214,,,2
158,159,Undirected,7217,,,2
158,160,Undirected,7218,,,2
159,160,Undirected,7222,,,2
160,203,Undirected,7227,,,2
161,162,Undirected,7228,,,2
161,163,Undirected,7229,,,2
161,164,Undirected,7230,,,2
162,163,Undirected,7232,,,2
162,164,Undirected,7233,,,2
163,164,Undirected,7236,,,2
165,166,Undirected,7240,,,2
166,851,Undirected,7242,,,2
166,852,Undirected,7243,,,2
166,853,Undirected,7244,,,2
166,854,Undirected,7245,,,2
167,168,Undirected,7246,,,2
168,169,Undirected,7248,,,2
170,171,Undirected,7250,,,2
170,172,Undirected,7251,,,2
171,172,Undirected,7253,,,2
173,174,Undirected,7256,,,2
173,175,Undirected,7257,,,2
173,176,Undirected,7258,,,2
173,177,Undirected,7259,,,2
173,178,Undirected,7260,,,2
173,179,Undirected,7261,,,2
173,180,Undirected,7262,,,2
173,181,Undirected,7263,,,2
174,175,Undirected,7265,,,2
174,176,Undirected,7266,,,2
174,177,Undirected,7267,,,2
174,178,Undirected,7268,,,2
174,179,Undirected,7269,,,2
174,180,Undirected,7270,,,2
174,181,Undirected,7271,,,2
175,176,Undirected,7274,,,2
175,177,Undirected,7275,,,2
175,178,Undirected,7276,,,2
175,179,Undirected,7277,,,2
175,180,Undirected,7278,,,2
175,181,Undirected,7279,,,2
176,177,Undirected,7283,,,2
176,178,Undirected,7284,,,2
176,179,Undirected,7285,,,2
176,180,Undirected,7286,,,2
176,181,Undirected,7287,,,2
177,178,Undirected,7292,,,2
177,179,Undirected,7293,,,2
177,180,Undirected,7294,,,2
177,181,Undirected,7295,,,2
178,179,Undirected,7301,,,2
178,180,Undirected,7302,,,2
178,181,Undirected,7303,,,2
178,931,Undirected,7304,,,2
178,932,Undirected,7305,,,2
178,933,Undirected,7306,,,2
178,934,Undirected,7307,,,2
179,180,Undirected,7314,,,2
179,181,Undirected,7315,,,2
180,181,Undirected,7323,,,2
182,183,Undirected,7332,,,2
182,184,Undirected,7333,,,2
183,184,Undirected,7335,,,2
185,186,Undirected,7338,,,2
185,187,Undirected,7339,,,2
186,187,Undirected,7341,,,2
188,189,Undirected,7344,,,2
188,190,Undirected,7345,,,2
188,191,Undirected,7346,,,2
189,190,Undirected,7348,,,2
189,191,Undirected,7349,,,2
190,191,Undirected,7352,,,2
192,193,Undirected,7356,,,2
192,194,Undirected,7357,,,2
193,194,Undirected,7359,,,2
195,196,Undirected,7362,,,2
195,197,Undirected,7363,,,2
195,198,Undirected,7364,,,2
195,199,Undirected,7365,,,2
196,197,Undirected,7367,,,2
196,198,Undirected,7368,,,2
196,199,Undirected,7369,,,2
197,198,Undirected,7372,,,2
197,199,Undirected,7373,,,2
198,199,Undirected,7377,,,2
200,201,Undirected,7382,,,6
200,202,Undirected,7383,,,4
200,1814,Undirected,7384,,,2
200,1815,Undirected,7385,,,2
200,1816,Undirected,7386,,,2
200,1947,Undirected,7387,,,2
201,202,Undirected,7389,,,4
201,1814,Undirected,7390,,,2
201,1815,Undirected,7391,,,2
201,1816,Undirected,7392,,,2
201,1947,Undirected,7393,,,2
202,1947,Undirected,7396,,,2
203,892,Undirected,7399,,,2
203,893,Undirected,7400,,,2
203,894,Undirected,7401,,,2
203,895,Undirected,7402,,,2
204,205,Undirected,7403,,,2
204,206,Undirected,7404,,,2
204,207,Undirected,7405,,,2
204,208,Undirected,7406,,,2
205,206,Undirected,7408,,,2
205,207,Undirected,7409,,,2
205,208,Undirected,7410,,,2
206,207,Undirected,7413,,,2
206,208,Undirected,7414,,,2
207,208,Undirected,7418,,,2
209,210,Undirected,7423,,,2
209,211,Undirected,7424,,,2
209,212,Undirected,7425,,,2
209,213,Undirected,7426,,,2
210,211,Undirected,7428,,,2
210,212,Undirected,7429,,,2
210,213,Undirected,7430,,,2
211,212,Undirected,7433,,,2
211,213,Undirected,7434,,,2
212,213,Undirected,7438,,,2
214,215,Undirected,7443,,,2
214,216,Undirected,7444,,,2
214,217,Undirected,7445,,,2
214,218,Undirected,7446,,,2
215,216,Undirected,7448,,,2
215,217,Undirected,7449,,,2
215,218,Undirected,7450,,,2
216,217,Undirected,7453,,,2
216,218,Undirected,7454,,,2
217,218,Undirected,7458,,,2
219,220,Undirected,7463,,,2
219,221,Undirected,7464,,,2
219,222,Undirected,7465,,,2
220,221,Undirected,7467,,,2
220,222,Undirected,7468,,,2
221,222,Undirected,7471,,,2
223,224,Undirected,7475,,,2
223,225,Undirected,7476,,,2
223,226,Undirected,7477,,,2
223,227,Undirected,7478,,,2
224,225,Undirected,7480,,,2
224,226,Undirected,7481,,,2
224,227,Undirected,7482,,,2
225,226,Undirected,7485,,,2
225,227,Undirected,7486,,,2
226,227,Undirected,7490,,,2
228,229,Undirected,7495,,,2
228,230,Undirected,7496,,,2
228,231,Undirected,7497,,,2
229,230,Undirected,7499,,,2
229,231,Undirected,7500,,,2
230,231,Undirected,7503,,,2
231,941,Undirected,7507,,,2
231,942,Undirected,7508,,,2
231,1863,Undirected,7509,,,2
232,233,Undirected,7510,,,2
232,234,Undirected,7511,,,2
233,234,Undirected,7513,,,2
234,1933,Undirected,7516,,,2
234,1934,Undirected,7517,,,2
235,236,Undirected,7518,,,2
235,237,Undirected,7519,,,2
236,237,Undirected,7521,,,2
238,239,Undirected,7524,,,2
238,240,Undirected,7525,,,2
239,240,Undirected,7527,,,2
241,242,Undirected,7530,,,2
241,243,Undirected,7531,,,2
241,244,Undirected,7532,,,4
242,243,Undirected,7534,,,2
242,244,Undirected,7535,,,2
243,244,Undirected,7538,,,2
245,246,Undirected,7542,,,2
246,372,Undirected,7544,,,2
246,373,Undirected,7545,,,2
246,374,Undirected,7546,,,2
246,375,Undirected,7547,,,2
247,248,Undirected,7548,,,2
247,249,Undirected,7549,,,2
247,250,Undirected,7550,,,2
247,251,Undirected,7551,,,2
248,249,Undirected,7553,,,2
248,250,Undirected,7554,,,2
248,251,Undirected,7555,,,2
249,250,Undirected,7558,,,2
249,251,Undirected,7559,,,2
250,251,Undirected,7563,,,2
252,253,Undirected,7568,,,2
252,254,Undirected,7569,,,2
252,255,Undirected,7570,,,2
252,256,Undirected,7571,,,2
253,254,Undirected,7573,,,2
253,255,Undirected,7574,,,2
253,256,Undirected,7575,,,2
254,255,Undirected,7578,,,2
254,256,Undirected,7579,,,2
255,256,Undirected,7583,,,2
257,258,Undirected,7588,,,4
259,260,Undirected,7590,,,2
261,262,Undirected,7592,,,2
261,263,Undirected,7593,,,2
261,264,Undirected,7594,,,2
261,265,Undirected,7595,,,2
262,263,Undirected,7597,,,2
262,264,Undirected,7598,,,2
262,265,Undirected,7599,,,2
263,264,Undirected,7602,,,2
263,265,Undirected,7603,,,2
264,265,Undirected,7607,,,2
266,267,Undirected,7612,,,2
266,268,Undirected,7613,,,2
266,269,Undirected,7614,,,2
267,268,Undirected,7616,,,2
267,269,Undirected,7617,,,2
268,269,Undirected,7620,,,2
268,1140,Undirected,7621,,,2
268,1141,Undirected,7622,,,2
268,1142,Undirected,7623,,,4
268,1143,Undirected,7624,,,2
268,1726,Undirected,7625,,,2
268,1727,Undirected,7626,,,2
268,1728,Undirected,7627,,,2
269,340,Undirected,7631,,,2
270,271,Undirected,7632,,,2
270,272,Undirected,7633,,,2
270,273,Undirected,7634,,,2
270,274,Undirected,7635,,,2
271,272,Undirected,7637,,,2
271,273,Undirected,7638,,,2
271,274,Undirected,7639,,,2
272,273,Undirected,7642,,,2
272,274,Undirected,7643,,,2
273,274,Undirected,7647,,,2
275,276,Undirected,7652,,,2
275,277,Undirected,7653,,,2
275,278,Undirected,7654,,,2
276,277,Undirected,7656,,,2
276,278,Undirected,7657,,,2
277,278,Undirected,7660,,,2
279,280,Undirected,7664,,,2
279,281,Undirected,7665,,,2
279,282,Undirected,7666,,,2
279,283,Undirected,7667,,,2
280,281,Undirected,7669,,,2
280,282,Undirected,7670,,,2
280,283,Undirected,7671,,,2
281,282,Undirected,7674,,,2
281,283,Undirected,7675,,,2
282,283,Undirected,7679,,,2
284,285,Undirected,7684,,,2
284,286,Undirected,7685,,,2
285,286,Undirected,7687,,,2
287,288,Undirected,7690,,,2
289,290,Undirected,7692,,,2
289,291,Undirected,7693,,,2
289,292,Undirected,7694,,,2
289,293,Undirected,7695,,,2
290,291,Undirected,7697,,,2
290,292,Undirected,7698,,,2
290,293,Undirected,7699,,,2
291,292,Undirected,7702,,,2
291,293,Undirected,7703,,,2
292,293,Undirected,7707,,,2
293,930,Undirected,7712,,,2
293,1925,Undirected,7713,,,2
293,1926,Undirected,7714,,,2
293,1927,Undirected,7715,,,2
294,295,Undirected,7716,,,2
294,296,Undirected,7717,,,2
295,296,Undirected,7719,,,2
297,298,Undirected,7722,,,2
297,299,Undirected,7723,,,2
297,300,Undirected,7724,,,2
298,299,Undirected,7726,,,2
298,300,Undirected,7727,,,2
299,300,Undirected,7730,,,2
301,302,Undirected,7734,,,2
301,303,Undirected,7735,,,2
301,304,Undirected,7736,,,2
301,305,Undirected,7737,,,2
302,303,Undirected,7739,,,2
302,304,Undirected,7740,,,2
302,305,Undirected,7741,,,2
303,304,Undirected,7744,,,2
303,305,Undirected,7745,,,2
304,305,Undirected,7749,,,2
306,307,Undirected,7754,,,2
308,309,Undirected,7756,,,2
308,310,Undirected,7757,,,2
308,311,Undirected,7758,,,2
308,312,Undirected,7759,,,2
309,310,Undirected,7761,,,2
309,311,Undirected,7762,,,2
309,312,Undirected,7763,,,2
310,311,Undirected,7766,,,2
310,312,Undirected,7767,,,2
311,312,Undirected,7771,,,2
312,1206,Undirected,7776,,,2
312,1207,Undirected,7777,,,2
312,1208,Undirected,7778,,,2
312,1209,Undirected,7779,,,2
313,314,Undirected,7780,,,2
313,315,Undirected,7781,,,2
313,316,Undirected,7782,,,2
313,317,Undirected,7783,,,2
314,315,Undirected,7785,,,2
314,316,Undirected,7786,,,2
314,317,Undirected,7787,,,2
315,316,Undirected,7790,,,2
315,317,Undirected,7791,,,2
316,317,Undirected,7795,,,2
318,319,Undirected,7800,,,4
318,1587,Undirected,7801,,,2
319,1587,Undirected,7803,,,2
320,321,Undirected,7804,,,2
320,322,Undirected,7805,,,2
320,323,Undirected,7806,,,2
320,324,Undirected,7807,,,2
321,322,Undirected,7809,,,2
321,323,Undirected,7810,,,2
321,324,Undirected,7811,,,2
322,323,Undirected,7814,,,2
322,324,Undirected,7815,,,2
323,324,Undirected,7819,,,2
323,586,Undirected,7820,,,2
323,587,Undirected,7821,,,2
323,588,Undirected,7822,,,2
323,589,Undirected,7823,,,2
323,1400,Undirected,7824,,,2
323,1401,Undirected,7825,,,2
323,1402,Undirected,7826,,,2
323,1403,Undirected,7827,,,2
325,326,Undirected,7832,,,2
327,328,Undirected,7834,,,2
327,329,Undirected,7835,,,2
327,330,Undirected,7836,,,2
328,329,Undirected,7838,,,2
328,330,Undirected,7839,,,2
329,330,Undirected,7842,,,2
331,332,Undirected,7846,,,2
331,333,Undirected,7847,,,2
331,334,Undirected,7848,,,2
331,335,Undirected,7849,,,2
332,333,Undirected,7851,,,2
332,334,Undirected,7852,,,2
332,335,Undirected,7853,,,2
333,334,Undirected,7856,,,2
333,335,Undirected,7857,,,2
334,335,Undirected,7861,,,2
336,337,Undirected,7866,,,2
336,338,Undirected,7867,,,2
336,339,Undirected,7868,,,2
337,338,Undirected,7870,,,2
337,339,Undirected,7871,,,2
338,339,Undirected,7874,,,2
341,342,Undirected,7879,,,2
341,343,Undirected,7880,,,2
341,344,Undirected,7881,,,2
341,345,Undirected,7882,,,2
342,343,Undirected,7884,,,2
342,344,Undirected,7885,,,2
342,345,Undirected,7886,,,2
343,344,Undirected,7889,,,2
343,345,Undirected,7890,,,2
344,345,Undirected,7894,,,2
346,347,Undirected,7899,,,2
346,348,Undirected,7900,,,2
347,348,Undirected,7902,,,2
349,350,Undirected,7905,,,2
349,351,Undirected,7906,,,2
350,351,Undirected,7908,,,2
352,353,Undirected,7911,,,4
352,354,Undirected,7912,,,2
352,355,Undirected,7913,,,2
352,356,Undirected,7914,,,4
353,354,Undirected,7916,,,2
353,355,Undirected,7917,,,2
353,356,Undirected,7918,,,4
354,355,Undirected,7921,,,2
354,356,Undirected,7922,,,2
355,356,Undirected,7926,,,2
357,358,Undirected,7931,,,2
357,359,Undirected,7932,,,2
358,359,Undirected,7934,,,2
360,361,Undirected,7937,,,2
360,362,Undirected,7938,,,2
361,362,Undirected,7940,,,2
363,364,Undirected,7943,,,2
365,366,Undirected,7945,,,2
365,367,Undirected,7946,,,2
365,368,Undirected,7947,,,2
365,369,Undirected,7948,,,2
366,367,Undirected,7950,,,2
366,368,Undirected,7951,,,2
366,369,Undirected,7952,,,4
366,663,Undirected,7953,,,2
366,664,Undirected,7954,,,2
367,368,Undirected,7957,,,2
367,369,Undirected,7958,,,2
368,369,Undirected,7962,,,2
369,663,Undirected,7967,,,2
369,664,Undirected,7968,,,2
370,371,Undirected,7969,,,2
372,373,Undirected,7972,,,2
372,374,Undirected,7973,,,2
372,375,Undirected,7974,,,2
373,374,Undirected,7977,,,2
373,375,Undirected,7978,,,2
374,375,Undirected,7982,,,2
376,377,Undirected,7987,,,2
376,378,Undirected,7988,,,2
376,379,Undirected,7989,,,2
377,378,Undirected,7991,,,2
377,379,Undirected,7992,,,2
378,379,Undirected,7995,,,2
380,381,Undirected,8000,,,2
380,382,Undirected,8001,,,2
380,383,Undirected,8002,,,2
381,382,Undirected,8005,,,2
381,383,Undirected,8006,,,2
382,383,Undirected,8010,,,2
384,385,Undirected,8015,,,2
386,387,Undirected,8017,,,2
386,388,Undirected,8018,,,2
386,389,Undirected,8019,,,2
386,390,Undirected,8020,,,2
387,388,Undirected,8022,,,2
387,389,Undirected,8023,,,2
387,390,Undirected,8024,,,2
388,389,Undirected,8027,,,2
388,390,Undirected,8028,,,2
389,390,Undirected,8032,,,2
391,392,Undirected,8037,,,2
391,393,Undirected,8038,,,2
391,394,Undirected,8039,,,2
392,393,Undirected,8041,,,2
392,394,Undirected,8042,,,2
392,1822,Undirected,8043,,,2
392,1823,Undirected,8044,,,2
392,1824,Undirected,8045,,,2
392,1825,Undirected,8046,,,2
393,394,Undirected,8049,,,2
395,396,Undirected,8053,,,2
395,397,Undirected,8054,,,2
395,398,Undirected,8055,,,2
395,399,Undirected,8056,,,2
396,397,Undirected,8058,,,2
396,398,Undirected,8059,,,2
396,399,Undirected,8060,,,2
397,398,Undirected,8063,,,2
397,399,Undirected,8064,,,2
398,399,Undirected,8068,,,2
400,401,Undirected,8073,,,2
400,402,Undirected,8074,,,2
401,402,Undirected,8076,,,2
403,404,Undirected,8079,,,2
403,405,Undirected,8080,,,2
403,406,Undirected,8081,,,2
404,405,Undirected,8083,,,2
404,406,Undirected,8084,,,2
405,406,Undirected,8087,,,2
407,408,Undirected,8091,,,2
407,409,Undirected,8092,,,2
408,409,Undirected,8094,,,2
410,411,Undirected,8097,,,2
410,412,Undirected,8098,,,2
410,413,Undirected,8099,,,2
411,412,Undirected,8101,,,2
411,413,Undirected,8102,,,2
412,413,Undirected,8105,,,2
414,415,Undirected,8109,,,2
414,416,Undirected,8110,,,2
414,417,Undirected,8111,,,2
414,418,Undirected,8112,,,2
415,416,Undirected,8114,,,2
415,417,Undirected,8115,,,2
415,418,Undirected,8116,,,2
416,417,Undirected,8119,,,2
416,418,Undirected,8120,,,2
417,418,Undirected,8124,,,2
419,420,Undirected,8129,,,2
419,421,Undirected,8130,,,2
419,422,Undirected,8131,,,2
419,423,Undirected,8132,,,2
420,421,Undirected,8134,,,2
420,422,Undirected,8135,,,2
420,423,Undirected,8136,,,2
421,422,Undirected,8139,,,2
421,423,Undirected,8140,,,2
422,423,Undirected,8144,,,2
424,425,Undirected,8149,,,2
424,426,Undirected,8150,,,2
425,426,Undirected,8152,,,2
427,428,Undirected,8155,,,2
427,429,Undirected,8156,,,2
428,429,Undirected,8158,,,2
430,431,Undirected,8161,,,2
430,432,Undirected,8162,,,2
430,433,Undirected,8163,,,2
430,434,Undirected,8164,,,2
431,432,Undirected,8166,,,2
431,433,Undirected,8167,,,2
431,434,Undirected,8168,,,2
432,433,Undirected,8171,,,2
432,434,Undirected,8172,,,2
433,434,Undirected,8176,,,2
435,436,Undirected,8181,,,2
435,437,Undirected,8182,,,2
435,438,Undirected,8183,,,2
435,439,Undirected,8184,,,2
435,1980,Undirected,8185,,,2
436,437,Undirected,8187,,,2
436,438,Undirected,8188,,,2
436,439,Undirected,8189,,,2
437,438,Undirected,8192,,,2
437,439,Undirected,8193,,,2
438,439,Undirected,8197,,,2
440,441,Undirected,8202,,,2
440,442,Undirected,8203,,,2
440,443,Undirected,8204,,,2
440,1478,Undirected,8205,,,2
440,1479,Undirected,8206,,,2
440,1480,Undirected,8207,,,2
440,1481,Undirected,8208,,,2
441,442,Undirected,8210,,,2
441,443,Undirected,8211,,,2
442,443,Undirected,8214,,,2
444,445,Undirected,8218,,,2
446,447,Undirected,8220,,,2
446,448,Undirected,8221,,,2
446,449,Undirected,8222,,,2
446,450,Undirected,8223,,,2
447,448,Undirected,8225,,,2
447,449,Undirected,8226,,,2
447,450,Undirected,8227,,,2
448,449,Undirected,8230,,,2
448,450,Undirected,8231,,,2
449,450,Undirected,8235,,,2
451,452,Undirected,8240,,,2
452,1021,Undirected,8242,,,2
452,1022,Undirected,8243,,,2
453,454,Undirected,8244,,,2
453,455,Undirected,8245,,,2
454,455,Undirected,8247,,,2
456,457,Undirected,8250,,,2
456,458,Undirected,8251,,,2
456,459,Undirected,8252,,,2
456,460,Undirected,8253,,,2
457,458,Undirected,8255,,,2
457,459,Undirected,8256,,,2
457,460,Undirected,8257,,,2
458,459,Undirected,8260,,,4
458,460,Undirected,8261,,,4
458,1298,Undirected,8262,,,2
459,460,Undirected,8266,,,4
459,1298,Undirected,8267,,,2
460,1298,Undirected,8272,,,2
461,462,Undirected,8273,,,2
461,463,Undirected,8274,,,2
461,464,Undirected,8275,,,2
461,465,Undirected,8276,,,2
462,463,Undirected,8278,,,2
462,464,Undirected,8279,,,2
462,465,Undirected,8280,,,2
463,464,Undirected,8283,,,2
463,465,Undirected,8284,,,2
464,465,Undirected,8288,,,2
466,467,Undirected,8293,,,2
468,469,Undirected,8295,,,2
468,470,Undirected,8296,,,2
468,471,Undirected,8297,,,2
468,472,Undirected,8298,,,2
469,470,Undirected,8300,,,2
469,471,Undirected,8301,,,2
469,472,Undirected,8302,,,2
470,471,Undirected,8305,,,2
470,472,Undirected,8306,,,2
471,472,Undirected,8310,,,2
473,474,Undirected,8315,,,2
473,475,Undirected,8316,,,2
474,475,Undirected,8318,,,2
476,477,Undirected,8321,,,2
478,479,Undirected,8323,,,2
478,480,Undirected,8324,,,2
478,481,Undirected,8325,,,2
478,482,Undirected,8326,,,4
478,1186,Undirected,8327,,,2
478,1187,Undirected,8328,,,2
478,1188,Undirected,8329,,,2
479,480,Undirected,8331,,,2
479,481,Undirected,8332,,,2
479,482,Undirected,8333,,,2
480,481,Undirected,8336,,,2
480,482,Undirected,8337,,,2
481,482,Undirected,8341,,,2
482,1186,Undirected,8346,,,2
482,1187,Undirected,8347,,,2
482,1188,Undirected,8348,,,2
483,484,Undirected,8349,,,2
483,485,Undirected,8350,,,2
483,486,Undirected,8351,,,2
483,487,Undirected,8352,,,2
484,485,Undirected,8354,,,2
484,486,Undirected,8355,,,2
484,487,Undirected,8356,,,2
485,486,Undirected,8359,,,2
485,487,Undirected,8360,,,2
486,487,Undirected,8364,,,2
488,489,Undirected,8369,,,2
488,490,Undirected,8370,,,2
488,491,Undirected,8371,,,2
489,490,Undirected,8373,,,2
489,491,Undirected,8374,,,2
490,491,Undirected,8377,,,2
492,493,Undirected,8381,,,2
492,494,Undirected,8382,,,2
492,495,Undirected,8383,,,2
493,494,Undirected,8385,,,2
493,495,Undirected,8386,,,2
494,495,Undirected,8389,,,2
496,497,Undirected,8393,,,2
496,498,Undirected,8394,,,2
497,498,Undirected,8396,,,2
499,500,Undirected,8399,,,2
501,502,Undirected,8401,,,2
501,503,Undirected,8402,,,2
502,503,Undirected,8404,,,2
503,1088,Undirected,8407,,,2
503,1089,Undirected,8408,,,2
503,1090,Undirected,8409,,,2
503,1091,Undirected,8410,,,2
504,505,Undirected,8411,,,2
504,506,Undirected,8412,,,2
504,507,Undirected,8413,,,2
504,508,Undirected,8414,,,2
505,506,Undirected,8416,,,2
505,507,Undirected,8417,,,2
505,508,Undirected,8418,,,2
506,507,Undirected,8421,,,2
506,508,Undirected,8422,,,2
507,508,Undirected,8426,,,2
509,510,Undirected,8431,,,2
509,511,Undirected,8432,,,2
509,512,Undirected,8433,,,2
510,511,Undirected,8435,,,2
510,512,Undirected,8436,,,2
511,512,Undirected,8439,,,2
513,514,Undirected,8443,,,2
513,515,Undirected,8444,,,2
513,516,Undirected,8445,,,2
514,515,Undirected,8447,,,2
514,516,Undirected,8448,,,2
515,516,Undirected,8451,,,2
517,518,Undirected,8455,,,2
517,519,Undirected,8456,,,2
517,520,Undirected,8457,,,2
517,521,Undirected,8458,,,2
518,519,Undirected,8460,,,2
518,520,Undirected,8461,,,2
518,521,Undirected,8462,,,2
519,520,Undirected,8465,,,2
519,521,Undirected,8466,,,2
520,521,Undirected,8470,,,2
522,523,Undirected,8475,,,2
522,524,Undirected,8476,,,2
523,524,Undirected,8478,,,2
525,526,Undirected,8481,,,2
525,527,Undirected,8482,,,2
525,528,Undirected,8483,,,2
526,527,Undirected,8485,,,2
526,528,Undirected,8486,,,2
527,528,Undirected,8489,,,2
529,530,Undirected,8493,,,2
529,531,Undirected,8494,,,2
529,532,Undirected,8495,,,2
529,533,Undirected,8496,,,2
530,531,Undirected,8498,,,2
530,532,Undirected,8499,,,2
530,533,Undirected,8500,,,2
531,532,Undirected,8503,,,2
531,533,Undirected,8504,,,2
532,533,Undirected,8508,,,2
534,535,Undirected,8513,,,2
534,536,Undirected,8514,,,2
535,536,Undirected,8516,,,2
537,538,Undirected,8519,,,2
537,539,Undirected,8520,,,2
537,540,Undirected,8521,,,2
538,539,Undirected,8523,,,2
538,540,Undirected,8524,,,2
539,540,Undirected,8527,,,2
541,542,Undirected,8531,,,2
543,544,Undirected,8533,,,2
543,545,Undirected,8534,,,2
543,546,Undirected,8535,,,2
544,545,Undirected,8537,,,2
544,546,Undirected,8538,,,2
545,546,Undirected,8541,,,2
547,548,Undirected,8545,,,2
547,549,Undirected,8546,,,2
547,550,Undirected,8547,,,2
547,1888,Undirected,8548,,,2
547,1889,Undirected,8549,,,2
548,549,Undirected,8551,,,2
548,550,Undirected,8552,,,2
549,550,Undirected,8555,,,2
551,552,Undirected,8559,,,2
551,553,Undirected,8560,,,2
551,554,Undirected,8561,,,2
551,555,Undirected,8562,,,2
552,553,Undirected,8564,,,2
552,554,Undirected,8565,,,2
552,555,Undirected,8566,,,2
553,554,Undirected,8569,,,2
553,555,Undirected,8570,,,2
554,555,Undirected,8574,,,2
556,557,Undirected,8579,,,2
556,558,Undirected,8580,,,2
556,559,Undirected,8581,,,2
556,560,Undirected,8582,,,2
557,558,Undirected,8584,,,2
557,559,Undirected,8585,,,2
557,560,Undirected,8586,,,2
558,559,Undirected,8589,,,2
558,560,Undirected,8590,,,2
559,560,Undirected,8594,,,2
561,562,Undirected,8599,,,2
561,563,Undirected,8600,,,2
561,564,Undirected,8601,,,2
561,565,Undirected,8602,,,2
562,563,Undirected,8604,,,2
562,564,Undirected,8605,,,2
562,565,Undirected,8606,,,2
563,564,Undirected,8609,,,2
563,565,Undirected,8610,,,2
564,565,Undirected,8614,,,2
566,567,Undirected,8619,,,2
566,568,Undirected,8620,,,2
566,569,Undirected,8621,,,2
566,570,Undirected,8622,,,2
567,568,Undirected,8624,,,2
567,569,Undirected,8625,,,2
567,570,Undirected,8626,,,2
568,569,Undirected,8629,,,2
568,570,Undirected,8630,,,2
569,570,Undirected,8634,,,2
571,572,Undirected,8639,,,2
571,573,Undirected,8640,,,2
571,574,Undirected,8641,,,2
572,573,Undirected,8643,,,2
572,574,Undirected,8644,,,2
573,574,Undirected,8647,,,2
575,576,Undirected,8652,,,2
575,577,Undirected,8653,,,2
576,577,Undirected,8656,,,2
576,871,Undirected,8657,,,2
576,872,Undirected,8658,,,2
578,579,Undirected,8662,,,2
578,580,Undirected,8663,,,2
578,581,Undirected,8664,,,2
579,580,Undirected,8666,,,2
579,581,Undirected,8667,,,2
580,581,Undirected,8670,,,2
582,583,Undirected,8674,,,2
582,584,Undirected,8675,,,2
582,585,Undirected,8676,,,2
583,584,Undirected,8678,,,2
583,585,Undirected,8679,,,2
584,585,Undirected,8682,,,2
586,587,Undirected,8687,,,2
586,588,Undirected,8688,,,2
586,589,Undirected,8689,,,2
586,1118,Undirected,8690,,,2
586,1119,Undirected,8691,,,2
587,588,Undirected,8694,,,2
587,589,Undirected,8695,,,2
588,589,Undirected,8699,,,2
590,591,Undirected,8704,,,2
590,592,Undirected,8705,,,2
591,592,Undirected,8707,,,4
591,624,Undirected,8708,,,2
591,625,Undirected,8709,,,2
592,624,Undirected,8712,,,2
592,625,Undirected,8713,,,2
593,594,Undirected,8714,,,2
593,595,Undirected,8715,,,2
593,596,Undirected,8716,,,2
593,597,Undirected,8717,,,2
594,595,Undirected,8719,,,2
594,596,Undirected,8720,,,2
594,597,Undirected,8721,,,2
595,596,Undirected,8724,,,2
595,597,Undirected,8725,,,2
596,597,Undirected,8729,,,2
598,599,Undirected,8734,,,2
598,600,Undirected,8735,,,2
599,600,Undirected,8737,,,2
601,602,Undirected,8740,,,2
601,603,Undirected,8741,,,2
601,604,Undirected,8742,,,2
601,605,Undirected,8743,,,2
602,603,Undirected,8745,,,2
602,604,Undirected,8746,,,2
602,605,Undirected,8747,,,2
603,604,Undirected,8750,,,2
603,605,Undirected,8751,,,2
604,605,Undirected,8755,,,2
606,607,Undirected,8764,,,2
606,608,Undirected,8765,,,2
606,609,Undirected,8766,,,2
607,608,Undirected,8772,,,2
607,609,Undirected,8773,,,2
608,609,Undirected,8780,,,2
609,796,Undirected,8788,,,2
609,797,Undirected,8789,,,2
610,611,Undirected,8790,,,2
610,612,Undirected,8791,,,2
610,613,Undirected,8792,,,2
611,612,Undirected,8794,,,2
611,613,Undirected,8795,,,2
612,613,Undirected,8798,,,2
614,615,Undirected,8802,,,2
616,617,Undirected,8804,,,2
616,618,Undirected,8805,,,2
616,619,Undirected,8806,,,2
616,620,Undirected,8807,,,2
617,618,Undirected,8809,,,2
617,619,Undirected,8810,,,2
617,620,Undirected,8811,,,2
618,619,Undirected,8814,,,2
618,620,Undirected,8815,,,2
619,620,Undirected,8819,,,2
621,622,Undirected,8824,,,2
621,623,Undirected,8825,,,2
622,623,Undirected,8827,,,2
624,625,Undirected,8832,,,2
626,627,Undirected,8836,,,2
628,629,Undirected,8838,,,2
628,630,Undirected,8839,,,2
628,631,Undirected,8840,,,2
628,632,Undirected,8841,,,2
629,630,Undirected,8843,,,2
629,631,Undirected,8844,,,2
629,632,Undirected,8845,,,2
630,631,Undirected,8848,,,2
630,632,Undirected,8849,,,2
631,632,Undirected,8853,,,2
633,634,Undirected,8858,,,2
633,635,Undirected,8859,,,2
633,636,Undirected,8860,,,2
634,635,Undirected,8862,,,2
634,636,Undirected,8863,,,2
635,636,Undirected,8866,,,2
636,1830,Undirected,8870,,,2
636,1831,Undirected,8871,,,2
636,1832,Undirected,8872,,,2
636,1833,Undirected,8873,,,2
637,638,Undirected,8874,,,2
637,639,Undirected,8875,,,2
637,640,Undirected,8876,,,4
637,951,Undirected,8877,,,2
638,639,Undirected,8879,,,2
638,640,Undirected,8880,,,2
639,640,Undirected,8883,,,2
639,1347,Undirected,8884,,,2
639,1348,Undirected,8885,,,2
640,951,Undirected,8889,,,2
641,642,Undirected,8890,,,2
641,643,Undirected,8891,,,2
641,644,Undirected,8892,,,2
641,645,Undirected,8893,,,2
642,643,Undirected,8895,,,2
642,644,Undirected,8896,,,2
642,645,Undirected,8897,,,2
643,644,Undirected,8900,,,2
643,645,Undirected,8901,,,2
644,645,Undirected,8905,,,2
646,647,Undirected,8910,,,2
646,648,Undirected,8911,,,2
646,649,Undirected,8912,,,2
646,650,Undirected,8913,,,2
647,648,Undirected,8915,,,2
647,649,Undirected,8916,,,2
647,650,Undirected,8917,,,2
648,649,Undirected,8920,,,2
648,650,Undirected,8921,,,2
649,650,Undirected,8925,,,2
651,652,Undirected,8930,,,2
651,653,Undirected,8931,,,2
651,654,Undirected,8932,,,2
651,655,Undirected,8933,,,2
652,653,Undirected,8935,,,2
652,654,Undirected,8936,,,2
652,655,Undirected,8937,,,2
653,654,Undirected,8940,,,2
653,655,Undirected,8941,,,2
654,655,Undirected,8945,,,2
656,657,Undirected,8950,,,2
656,658,Undirected,8951,,,2
656,659,Undirected,8952,,,2
657,658,Undirected,8954,,,2
657,659,Undirected,8955,,,2
658,659,Undirected,8958,,,2
660,661,Undirected,8962,,,2
660,662,Undirected,8963,,,2
661,662,Undirected,8965,,,2
662,1564,Undirected,8968,,,2
663,664,Undirected,8971,,,2
665,666,Undirected,8975,,,2
667,668,Undirected,8977,,,2
667,669,Undirected,8978,,,2
668,669,Undirected,8980,,,2
670,671,Undirected,8983,,,2
670,672,Undirected,8984,,,2
671,672,Undirected,8986,,,2
673,674,Undirected,8989,,,2
673,675,Undirected,8990,,,2
674,675,Undirected,8992,,,2
676,677,Undirected,8995,,,2
676,678,Undirected,8996,,,2
676,679,Undirected,8997,,,2
676,680,Undirected,8998,,,2
677,678,Undirected,9000,,,2
677,679,Undirected,9001,,,2
677,680,Undirected,9002,,,2
678,679,Undirected,9005,,,2
678,680,Undirected,9006,,,2
679,680,Undirected,9010,,,2
681,682,Undirected,9015,,,2
681,683,Undirected,9016,,,2
681,684,Undirected,9017,,,2
682,683,Undirected,9019,,,2
682,684,Undirected,9020,,,2
683,684,Undirected,9023,,,2
685,686,Undirected,9027,,,2
685,687,Undirected,9028,,,2
685,688,Undirected,9029,,,2
685,689,Undirected,9030,,,2
686,687,Undirected,9032,,,2
686,688,Undirected,9033,,,2
686,689,Undirected,9034,,,2
687,688,Undirected,9037,,,2
687,689,Undirected,9038,,,2
688,689,Undirected,9042,,,2
690,691,Undirected,9047,,,2
690,692,Undirected,9048,,,2
690,693,Undirected,9049,,,2
690,694,Undirected,9050,,,2
691,692,Undirected,9052,,,2
691,693,Undirected,9053,,,2
691,694,Undirected,9054,,,2
692,693,Undirected,9057,,,2
692,694,Undirected,9058,,,2
693,694,Undirected,9062,,,2
695,696,Undirected,9067,,,2
695,697,Undirected,9068,,,2
695,698,Undirected,9069,,,2
695,699,Undirected,9070,,,2
696,697,Undirected,9072,,,2
696,698,Undirected,9073,,,2
696,699,Undirected,9074,,,2
697,698,Undirected,9077,,,2
697,699,Undirected,9078,,,2
698,699,Undirected,9082,,,2
700,701,Undirected,9087,,,2
700,702,Undirected,9088,,,2
700,703,Undirected,9089,,,2
701,702,Undirected,9091,,,2
701,703,Undirected,9092,,,2
702,703,Undirected,9095,,,2
704,705,Undirected,9099,,,2
706,707,Undirected,9101,,,2
706,708,Undirected,9102,,,2
707,708,Undirected,9104,,,2
709,710,Undirected,9107,,,2
709,711,Undirected,9108,,,2
710,711,Undirected,9110,,,2
712,713,Undirected,9113,,,2
712,714,Undirected,9114,,,2
712,715,Undirected,9115,,,2
712,716,Undirected,9116,,,2
713,714,Undirected,9118,,,2
713,715,Undirected,9119,,,2
713,716,Undirected,9120,,,2
714,715,Undirected,9123,,,2
714,716,Undirected,9124,,,2
715,716,Undirected,9128,,,2
717,718,Undirected,9133,,,2
717,719,Undirected,9134,,,2
717,720,Undirected,9135,,,2
717,721,Undirected,9136,,,2
718,719,Undirected,9138,,,2
718,720,Undirected,9139,,,2
718,721,Undirected,9140,,,2
719,720,Undirected,9143,,,2
719,721,Undirected,9144,,,2
720,721,Undirected,9148,,,4
720,727,Undirected,9149,,,2
720,728,Undirected,9150,,,2
720,729,Undirected,9151,,,2
721,727,Undirected,9156,,,2
721,728,Undirected,9157,,,2
721,729,Undirected,9158,,,2
721,1307,Undirected,9159,,,2
721,1308,Undirected,9160,,,2
722,723,Undirected,9161,,,2
722,724,Undirected,9162,,,2
722,725,Undirected,9163,,,2
722,726,Undirected,9164,,,2
723,724,Undirected,9166,,,2
723,725,Undirected,9167,,,2
723,726,Undirected,9168,,,2
724,725,Undirected,9171,,,2
724,726,Undirected,9172,,,2
725,726,Undirected,9176,,,2
727,728,Undirected,9183,,,2
727,729,Undirected,9184,,,2
728,729,Undirected,9188,,,2
730,731,Undirected,9193,,,2
730,732,Undirected,9194,,,2
730,733,Undirected,9195,,,2
730,734,Undirected,9196,,,2
731,732,Undirected,9198,,,2
731,733,Undirected,9199,,,2
731,734,Undirected,9200,,,2
732,733,Undirected,9203,,,2
732,734,Undirected,9204,,,2
733,734,Undirected,9208,,,2
735,736,Undirected,9213,,,2
735,737,Undirected,9214,,,2
735,738,Undirected,9215,,,2
735,739,Undirected,9216,,,2
736,737,Undirected,9218,,,2
736,738,Undirected,9219,,,2
736,739,Undirected,9220,,,2
737,738,Undirected,9223,,,2
737,739,Undirected,9224,,,2
738,739,Undirected,9228,,,2
740,741,Undirected,9233,,,2
740,742,Undirected,9234,,,2
740,743,Undirected,9235,,,2
740,744,Undirected,9236,,,2
741,742,Undirected,9238,,,2
741,743,Undirected,9239,,,2
741,744,Undirected,9240,,,2
742,743,Undirected,9243,,,2
742,744,Undirected,9244,,,2
743,744,Undirected,9248,,,2
745,746,Undirected,9253,,,2
745,747,Undirected,9254,,,2
745,748,Undirected,9255,,,2
746,747,Undirected,9257,,,2
746,748,Undirected,9258,,,2
747,748,Undirected,9261,,,2
749,750,Undirected,9265,,,2
749,751,Undirected,9266,,,2
749,752,Undirected,9267,,,2
750,751,Undirected,9269,,,2
750,752,Undirected,9270,,,2
751,752,Undirected,9273,,,2
753,754,Undirected,9277,,,2
753,755,Undirected,9278,,,2
753,756,Undirected,9279,,,2
754,755,Undirected,9281,,,2
754,756,Undirected,9282,,,2
755,756,Undirected,9285,,,2
757,758,Undirected,9289,,,2
757,759,Undirected,9290,,,2
757,760,Undirected,9291,,,2
758,759,Undirected,9293,,,2
758,760,Undirected,9294,,,2
759,760,Undirected,9297,,,2
761,762,Undirected,9301,,,2
761,763,Undirected,9302,,,2
761,764,Undirected,9303,,,2
761,765,Undirected,9304,,,2
762,763,Undirected,9306,,,2
762,764,Undirected,9307,,,2
762,765,Undirected,9308,,,2
763,764,Undirected,9311,,,2
763,765,Undirected,9312,,,2
764,765,Undirected,9316,,,2
766,767,Undirected,9321,,,2
766,768,Undirected,9322,,,2
766,769,Undirected,9323,,,2
766,770,Undirected,9324,,,2
767,768,Undirected,9326,,,2
767,769,Undirected,9327,,,2
767,770,Undirected,9328,,,2
768,769,Undirected,9331,,,2
768,770,Undirected,9332,,,2
769,770,Undirected,9336,,,2
771,772,Undirected,9341,,,2
773,774,Undirected,9343,,,2
773,775,Undirected,9344,,,2
773,776,Undirected,9345,,,2
773,777,Undirected,9346,,,2
774,775,Undirected,9348,,,2
774,776,Undirected,9349,,,2
774,777,Undirected,9350,,,2
775,776,Undirected,9353,,,2
775,777,Undirected,9354,,,2
776,777,Undirected,9358,,,2
778,779,Undirected,9363,,,2
778,780,Undirected,9364,,,2
778,781,Undirected,9365,,,2
778,782,Undirected,9366,,,2
779,780,Undirected,9368,,,2
779,781,Undirected,9369,,,2
779,782,Undirected,9370,,,2
780,781,Undirected,9373,,,2
780,782,Undirected,9374,,,2
781,782,Undirected,9378,,,2
783,784,Undirected,9383,,,2
785,786,Undirected,9385,,,2
787,788,Undirected,9387,,,2
787,789,Undirected,9388,,,2
787,790,Undirected,9389,,,2
788,789,Undirected,9391,,,2
788,790,Undirected,9392,,,2
789,790,Undirected,9395,,,2
791,792,Undirected,9399,,,2
791,793,Undirected,9400,,,2
791,794,Undirected,9401,,,2
791,795,Undirected,9402,,,2
792,793,Undirected,9404,,,2
792,794,Undirected,9405,,,2
792,795,Undirected,9406,,,2
793,794,Undirected,9409,,,2
793,795,Undirected,9410,,,2
794,795,Undirected,9414,,,2
796,797,Undirected,9420,,,2
799,800,Undirected,9424,,,2
801,802,Undirected,9426,,,2
801,803,Undirected,9427,,,2
801,804,Undirected,9428,,,2
802,803,Undirected,9430,,,2
802,804,Undirected,9431,,,2
803,804,Undirected,9434,,,2
805,806,Undirected,9438,,,2
805,807,Undirected,9439,,,2
805,808,Undirected,9440,,,2
805,809,Undirected,9441,,,2
806,807,Undirected,9443,,,2
806,808,Undirected,9444,,,2
806,809,Undirected,9445,,,2
807,808,Undirected,9448,,,2
807,809,Undirected,9449,,,2
808,809,Undirected,9453,,,2
810,811,Undirected,9458,,,2
810,812,Undirected,9459,,,2
810,813,Undirected,9460,,,2
811,812,Undirected,9462,,,2
811,813,Undirected,9463,,,2
812,813,Undirected,9466,,,2
814,815,Undirected,9470,,,2
814,816,Undirected,9471,,,2
814,817,Undirected,9472,,,2
815,816,Undirected,9474,,,2
815,817,Undirected,9475,,,2
816,817,Undirected,9478,,,2
818,819,Undirected,9482,,,2
818,820,Undirected,9483,,,2
818,821,Undirected,9484,,,2
818,822,Undirected,9485,,,2
819,820,Undirected,9487,,,2
819,821,Undirected,9488,,,2
819,822,Undirected,9489,,,2
820,821,Undirected,9492,,,2
820,822,Undirected,9493,,,2
821,822,Undirected,9497,,,2
823,824,Undirected,9502,,,2
823,825,Undirected,9503,,,2
823,826,Undirected,9504,,,2
824,825,Undirected,9506,,,2
824,826,Undirected,9507,,,2
825,826,Undirected,9510,,,2
826,955,Undirected,9514,,,2
826,956,Undirected,9515,,,2
827,828,Undirected,9516,,,2
827,829,Undirected,9517,,,2
828,829,Undirected,9519,,,2
830,831,Undirected,9522,,,2
830,832,Undirected,9523,,,2
830,833,Undirected,9524,,,2
830,834,Undirected,9525,,,2
831,832,Undirected,9527,,,2
831,833,Undirected,9528,,,2
831,834,Undirected,9529,,,2
832,833,Undirected,9532,,,2
832,834,Undirected,9533,,,2
833,834,Undirected,9537,,,2
835,836,Undirected,9542,,,2
837,838,Undirected,9544,,,2
837,839,Undirected,9545,,,2
838,839,Undirected,9547,,,2
840,841,Undirected,9550,,,2
840,842,Undirected,9551,,,2
841,842,Undirected,9553,,,2
842,1379,Undirected,9556,,,2
843,844,Undirected,9557,,,2
843,845,Undirected,9558,,,2
843,846,Undirected,9559,,,2
843,847,Undirected,9560,,,2
844,845,Undirected,9562,,,2
844,846,Undirected,9563,,,2
844,847,Undirected,9564,,,2
845,846,Undirected,9567,,,2
845,847,Undirected,9568,,,2
846,847,Undirected,9572,,,2
848,849,Undirected,9577,,,2
848,850,Undirected,9578,,,2
849,850,Undirected,9580,,,2
851,852,Undirected,9584,,,2
851,853,Undirected,9585,,,2
851,854,Undirected,9586,,,2
852,853,Undirected,9589,,,2
852,854,Undirected,9590,,,2
853,854,Undirected,9594,,,2
855,856,Undirected,9599,,,2
856,1921,Undirected,9601,,,2
857,858,Undirected,9602,,,2
857,859,Undirected,9603,,,2
858,859,Undirected,9605,,,2
860,861,Undirected,9608,,,2
860,862,Undirected,9609,,,2
860,863,Undirected,9610,,,2
860,864,Undirected,9611,,,2
861,862,Undirected,9613,,,2
861,863,Undirected,9614,,,2
861,864,Undirected,9615,,,2
862,863,Undirected,9618,,,2
862,864,Undirected,9619,,,2
863,864,Undirected,9623,,,2
865,866,Undirected,9628,,,2
867,868,Undirected,9630,,,2
867,869,Undirected,9631,,,2
867,870,Undirected,9632,,,2
868,869,Undirected,9634,,,2
868,870,Undirected,9635,,,2
869,870,Undirected,9638,,,2
871,872,Undirected,9644,,,2
873,874,Undirected,9648,,,2
875,876,Undirected,9650,,,2
877,878,Undirected,9652,,,2
877,879,Undirected,9653,,,2
877,880,Undirected,9654,,,2
877,881,Undirected,9655,,,2
878,879,Undirected,9657,,,2
878,880,Undirected,9658,,,2
878,881,Undirected,9659,,,2
879,880,Undirected,9662,,,2
879,881,Undirected,9663,,,2
880,881,Undirected,9667,,,2
882,883,Undirected,9672,,,2
882,884,Undirected,9673,,,2
883,884,Undirected,9675,,,2
885,886,Undirected,9678,,,2
885,887,Undirected,9679,,,2
886,887,Undirected,9681,,,2
888,889,Undirected,9684,,,2
888,890,Undirected,9685,,,2
888,891,Undirected,9686,,,2
889,890,Undirected,9688,,,2
889,891,Undirected,9689,,,2
890,891,Undirected,9692,,,2
892,893,Undirected,9697,,,2
892,894,Undirected,9698,,,2
892,895,Undirected,9699,,,2
893,894,Undirected,9702,,,2
893,895,Undirected,9703,,,2
894,895,Undirected,9707,,,2
896,897,Undirected,9712,,,2
896,898,Undirected,9713,,,2
896,899,Undirected,9714,,,2
896,900,Undirected,9715,,,2
897,898,Undirected,9717,,,2
897,899,Undirected,9718,,,2
897,900,Undirected,9719,,,2
898,899,Undirected,9722,,,2
898,900,Undirected,9723,,,2
899,900,Undirected,9727,,,2
901,902,Undirected,9732,,,2
901,903,Undirected,9733,,,2
901,904,Undirected,9734,,,2
902,903,Undirected,9736,,,2
902,904,Undirected,9737,,,2
903,904,Undirected,9740,,,2
904,972,Undirected,9744,,,2
904,973,Undirected,9745,,,2
905,906,Undirected,9747,,,2
907,908,Undirected,9750,,,2
907,909,Undirected,9751,,,2
907,910,Undirected,9752,,,2
908,909,Undirected,9754,,,2
908,910,Undirected,9755,,,2
909,910,Undirected,9758,,,2
911,912,Undirected,9762,,,2
911,913,Undirected,9763,,,2
911,914,Undirected,9764,,,2
912,913,Undirected,9766,,,2
912,914,Undirected,9767,,,2
913,914,Undirected,9770,,,2
915,916,Undirected,9774,,,2
915,917,Undirected,9775,,,2
915,1547,Undirected,9776,,,2
915,1548,Undirected,9777,,,2
915,1954,Undirected,9778,,,2
915,1955,Undirected,9779,,,2
915,1956,Undirected,9780,,,2
915,1957,Undirected,9781,,,2
916,917,Undirected,9783,,,2
918,919,Undirected,9786,,,2
918,920,Undirected,9787,,,2
918,921,Undirected,9788,,,2
918,922,Undirected,9789,,,2
919,920,Undirected,9791,,,2
919,921,Undirected,9792,,,2
919,922,Undirected,9793,,,2
920,921,Undirected,9796,,,2
920,922,Undirected,9797,,,2
921,922,Undirected,9801,,,2
923,924,Undirected,9806,,,2
923,925,Undirected,9807,,,2
923,926,Undirected,9808,,,2
923,927,Undirected,9809,,,2
924,925,Undirected,9811,,,2
924,926,Undirected,9812,,,2
924,927,Undirected,9813,,,2
925,926,Undirected,9816,,,2
925,927,Undirected,9817,,,2
926,927,Undirected,9821,,,2
928,929,Undirected,9826,,,2
931,932,Undirected,9830,,,2
931,933,Undirected,9831,,,2
931,934,Undirected,9832,,,2
932,933,Undirected,9835,,,2
932,934,Undirected,9836,,,2
933,934,Undirected,9840,,,2
935,936,Undirected,9845,,,2
937,938,Undirected,9847,,,2
937,939,Undirected,9848,,,2
937,940,Undirected,9849,,,2
938,939,Undirected,9851,,,2
938,940,Undirected,9852,,,2
939,940,Undirected,9855,,,2
941,942,Undirected,9860,,,2
943,944,Undirected,9863,,,2
943,945,Undirected,9864,,,2
943,946,Undirected,9865,,,2
943,947,Undirected,9866,,,2
944,945,Undirected,9868,,,2
944,946,Undirected,9869,,,2
944,947,Undirected,9870,,,2
945,946,Undirected,9873,,,2
945,947,Undirected,9874,,,2
946,947,Undirected,9878,,,2
946,1718,Undirected,9879,,,2
947,964,Undirected,9884,,,2
947,965,Undirected,9885,,,2
947,966,Undirected,9886,,,2
947,967,Undirected,9887,,,2
947,1559,Undirected,9888,,,2
947,1560,Undirected,9889,,,2
948,949,Undirected,9890,,,2
948,950,Undirected,9891,,,2
949,950,Undirected,9893,,,2
952,953,Undirected,9898,,,2
952,954,Undirected,9899,,,2
953,954,Undirected,9901,,,2
955,956,Undirected,9905,,,2
957,958,Undirected,9908,,,2
957,959,Undirected,9909,,,2
957,960,Undirected,9910,,,2
957,961,Undirected,9911,,,2
958,959,Undirected,9913,,,2
958,960,Undirected,9914,,,2
958,961,Undirected,9915,,,2
959,960,Undirected,9918,,,2
959,961,Undirected,9919,,,2
960,961,Undirected,9923,,,2
962,963,Undirected,9928,,,2
964,965,Undirected,9931,,,2
964,966,Undirected,9932,,,2
964,967,Undirected,9933,,,2
965,966,Undirected,9936,,,2
965,967,Undirected,9937,,,2
966,967,Undirected,9941,,,2
968,969,Undirected,9946,,,2
968,970,Undirected,9947,,,2
968,971,Undirected,9948,,,2
968,1191,Undirected,9949,,,2
968,1285,Undirected,9950,,,2
968,1286,Undirected,9951,,,2
969,970,Undirected,9953,,,2
969,971,Undirected,9954,,,2
970,971,Undirected,9957,,,2
972,973,Undirected,9962,,,2
974,975,Undirected,9965,,,2
974,976,Undirected,9966,,,2
974,977,Undirected,9967,,,2
974,978,Undirected,9968,,,2
975,976,Undirected,9970,,,2
975,977,Undirected,9971,,,2
975,978,Undirected,9972,,,2
976,977,Undirected,9975,,,2
976,978,Undirected,9976,,,2
977,978,Undirected,9980,,,2
979,980,Undirected,9985,,,2
980,1717,Undirected,9987,,,2
981,982,Undirected,9988,,,2
983,984,Undirected,9990,,,2
983,985,Undirected,9991,,,2
983,986,Undirected,9992,,,2
983,987,Undirected,9993,,,2
984,985,Undirected,9995,,,2
984,986,Undirected,9996,,,2
984,987,Undirected,9997,,,2
985,986,Undirected,10000,,,2
985,987,Undirected,10001,,,2
986,987,Undirected,10005,,,2
988,989,Undirected,10010,,,2
990,991,Undirected,10012,,,2
990,992,Undirected,10013,,,2
991,992,Undirected,10015,,,2
993,994,Undirected,10018,,,2
993,995,Undirected,10019,,,2
993,996,Undirected,10020,,,2
993,997,Undirected,10021,,,2
994,995,Undirected,10023,,,2
994,996,Undirected,10024,,,2
994,997,Undirected,10025,,,2
995,996,Undirected,10028,,,2
995,997,Undirected,10029,,,2
996,997,Undirected,10033,,,2
998,999,Undirected,10038,,,2
998,1000,Undirected,10039,,,2
999,1000,Undirected,10041,,,2
1001,1002,Undirected,10044,,,2
1003,1004,Undirected,10046,,,2
1003,1005,Undirected,10047,,,2
1004,1005,Undirected,10049,,,2
1006,1007,Undirected,10052,,,2
1006,1008,Undirected,10053,,,2
1006,1009,Undirected,10054,,,2
1006,1010,Undirected,10055,,,2
1007,1008,Undirected,10057,,,2
1007,1009,Undirected,10058,,,2
1007,1010,Undirected,10059,,,2
1008,1009,Undirected,10062,,,2
1008,1010,Undirected,10063,,,2
1009,1010,Undirected,10067,,,2
1011,1012,Undirected,10072,,,2
1011,1013,Undirected,10073,,,2
1012,1013,Undirected,10075,,,2
1014,1015,Undirected,10078,,,2
1014,1016,Undirected,10079,,,2
1014,1017,Undirected,10080,,,2
1014,1018,Undirected,10081,,,2
1015,1016,Undirected,10083,,,2
1015,1017,Undirected,10084,,,2
1015,1018,Undirected,10085,,,2
1016,1017,Undirected,10088,,,2
1016,1018,Undirected,10089,,,2
1017,1018,Undirected,10093,,,2
1019,1020,Undirected,10098,,,4
1019,1635,Undirected,10099,,,2
1020,1635,Undirected,10101,,,2
1021,1022,Undirected,10103,,,2
1023,1024,Undirected,10106,,,2
1023,1025,Undirected,10107,,,2
1024,1025,Undirected,10109,,,2
1026,1027,Undirected,10112,,,2
1026,1028,Undirected,10113,,,2
1027,1028,Undirected,10115,,,2
1029,1030,Undirected,10118,,,2
1029,1031,Undirected,10119,,,2
1030,1031,Undirected,10121,,,2
1032,1033,Undirected,10124,,,2
1032,1034,Undirected,10125,,,2
1032,1035,Undirected,10126,,,2
1033,1034,Undirected,10128,,,2
1033,1035,Undirected,10129,,,2
1034,1035,Undirected,10132,,,2
1036,1037,Undirected,10136,,,2
1038,1039,Undirected,10138,,,2
1038,1040,Undirected,10139,,,2
1038,1041,Undirected,10140,,,2
1038,1042,Undirected,10141,,,2
1039,1040,Undirected,10143,,,2
1039,1041,Undirected,10144,,,2
1039,1042,Undirected,10145,,,2
1040,1041,Undirected,10148,,,2
1040,1042,Undirected,10149,,,2
1041,1042,Undirected,10153,,,2
1043,1044,Undirected,10158,,,2
1043,1045,Undirected,10159,,,2
1043,1046,Undirected,10160,,,2
1043,1047,Undirected,10161,,,2
1044,1045,Undirected,10163,,,2
1044,1046,Undirected,10164,,,2
1044,1047,Undirected,10165,,,2
1045,1046,Undirected,10168,,,2
1045,1047,Undirected,10169,,,2
1046,1047,Undirected,10173,,,2
1046,1636,Undirected,10174,,,2
1046,1637,Undirected,10175,,,2
1046,1638,Undirected,10176,,,2
1048,1049,Undirected,10181,,,2
1048,1050,Undirected,10182,,,2
1048,1051,Undirected,10183,,,2
1049,1050,Undirected,10185,,,2
1049,1051,Undirected,10186,,,2
1050,1051,Undirected,10189,,,2
1052,1053,Undirected,10193,,,2
1052,1054,Undirected,10194,,,4
1052,1633,Undirected,10195,,,2
1052,1634,Undirected,10196,,,2
1053,1054,Undirected,10198,,,2
1054,1633,Undirected,10201,,,2
1054,1634,Undirected,10202,,,2
1055,1056,Undirected,10203,,,2
1055,1057,Undirected,10204,,,2
1055,1058,Undirected,10205,,,2
1055,1059,Undirected,10206,,,2
1056,1057,Undirected,10208,,,2
1056,1058,Undirected,10209,,,2
1056,1059,Undirected,10210,,,2
1057,1058,Undirected,10213,,,2
1057,1059,Undirected,10214,,,2
1058,1059,Undirected,10218,,,2
1059,1104,Undirected,10223,,,2
1059,1105,Undirected,10224,,,2
1059,1106,Undirected,10225,,,2
1059,1107,Undirected,10226,,,2
1060,1061,Undirected,10227,,,2
1060,1062,Undirected,10228,,,2
1060,1063,Undirected,10229,,,2
1060,1064,Undirected,10230,,,2
1061,1062,Undirected,10232,,,2
1061,1063,Undirected,10233,,,2
1061,1064,Undirected,10234,,,2
1062,1063,Undirected,10237,,,2
1062,1064,Undirected,10238,,,2
1063,1064,Undirected,10242,,,2
1065,1066,Undirected,10247,,,2
1065,1067,Undirected,10248,,,2
1066,1067,Undirected,10250,,,2
1067,1314,Undirected,10253,,,2
1067,1315,Undirected,10254,,,2
1067,1316,Undirected,10255,,,2
1067,1317,Undirected,10256,,,2
1068,1069,Undirected,10257,,,2
1068,1070,Undirected,10258,,,2
1069,1070,Undirected,10260,,,2
1070,1678,Undirected,10263,,,2
1070,1679,Undirected,10264,,,2
1070,1680,Undirected,10265,,,2
1070,1681,Undirected,10266,,,2
1071,1072,Undirected,10267,,,4
1073,1074,Undirected,10269,,,2
1073,1075,Undirected,10270,,,2
1074,1075,Undirected,10272,,,2
1076,1077,Undirected,10275,,,2
1078,1079,Undirected,10277,,,4
1078,1080,Undirected,10278,,,4
1079,1080,Undirected,10280,,,4
1081,1082,Undirected,10283,,,2
1083,1084,Undirected,10285,,,2
1083,1085,Undirected,10286,,,2
1084,1085,Undirected,10288,,,2
1086,1087,Undirected,10291,,,2
1088,1089,Undirected,10294,,,2
1088,1090,Undirected,10295,,,2
1088,1091,Undirected,10296,,,2
1089,1090,Undirected,10299,,,2
1089,1091,Undirected,10300,,,2
1090,1091,Undirected,10304,,,2
1092,1093,Undirected,10309,,,2
1094,1095,Undirected,10311,,,2
1094,1096,Undirected,10312,,,2
1094,1097,Undirected,10313,,,2
1094,1098,Undirected,10314,,,2
1095,1096,Undirected,10316,,,2
1095,1097,Undirected,10317,,,2
1095,1098,Undirected,10318,,,2
1096,1097,Undirected,10321,,,2
1096,1098,Undirected,10322,,,2
1097,1098,Undirected,10326,,,2
1099,1100,Undirected,10331,,,2
1099,1101,Undirected,10332,,,2
1099,1102,Undirected,10333,,,2
1099,1103,Undirected,10334,,,2
1100,1101,Undirected,10336,,,2
1100,1102,Undirected,10337,,,2
1100,1103,Undirected,10338,,,2
1101,1102,Undirected,10341,,,2
1101,1103,Undirected,10342,,,2
1102,1103,Undirected,10346,,,2
1104,1105,Undirected,10352,,,2
1104,1106,Undirected,10353,,,2
1104,1107,Undirected,10354,,,2
1105,1106,Undirected,10357,,,2
1105,1107,Undirected,10358,,,2
1106,1107,Undirected,10362,,,2
1108,1109,Undirected,10367,,,2
1108,1110,Undirected,10368,,,2
1108,1111,Undirected,10369,,,2
1108,1112,Undirected,10370,,,2
1109,1110,Undirected,10372,,,2
1109,1111,Undirected,10373,,,2
1109,1112,Undirected,10374,,,2
1110,1111,Undirected,10377,,,2
1110,1112,Undirected,10378,,,2
1111,1112,Undirected,10382,,,2
1113,1114,Undirected,10387,,,2
1113,1115,Undirected,10388,,,2
1113,1116,Undirected,10389,,,2
1113,1117,Undirected,10390,,,2
1114,1115,Undirected,10392,,,2
1114,1116,Undirected,10393,,,2
1114,1117,Undirected,10394,,,2
1115,1116,Undirected,10397,,,2
1115,1117,Undirected,10398,,,2
1116,1117,Undirected,10402,,,2
1118,1119,Undirected,10408,,,2
1120,1121,Undirected,10411,,,2
1120,1122,Undirected,10412,,,2
1121,1122,Undirected,10414,,,2
1123,1124,Undirected,10417,,,2
1123,1125,Undirected,10418,,,2
1123,1126,Undirected,10419,,,2
1123,1127,Undirected,10420,,,2
1124,1125,Undirected,10422,,,2
1124,1126,Undirected,10423,,,2
1124,1127,Undirected,10424,,,2
1125,1126,Undirected,10427,,,2
1125,1127,Undirected,10428,,,2
1126,1127,Undirected,10432,,,2
1128,1129,Undirected,10438,,,2
1128,1130,Undirected,10439,,,2
1129,1130,Undirected,10442,,,2
1131,1132,Undirected,10446,,,2
1131,1133,Undirected,10447,,,2
1131,1134,Undirected,10448,,,2
1132,1133,Undirected,10450,,,2
1132,1134,Undirected,10451,,,2
1133,1134,Undirected,10454,,,2
1135,1136,Undirected,10458,,,2
1135,1137,Undirected,10459,,,2
1135,1138,Undirected,10460,,,2
1135,1139,Undirected,10461,,,2
1136,1137,Undirected,10463,,,2
1136,1138,Undirected,10464,,,2
1136,1139,Undirected,10465,,,2
1137,1138,Undirected,10468,,,2
1137,1139,Undirected,10469,,,2
1138,1139,Undirected,10473,,,2
1140,1141,Undirected,10479,,,2
1140,1142,Undirected,10480,,,2
1140,1143,Undirected,10481,,,2
1141,1142,Undirected,10484,,,2
1141,1143,Undirected,10485,,,2
1142,1143,Undirected,10489,,,2
1142,1726,Undirected,10490,,,2
1142,1727,Undirected,10491,,,2
1142,1728,Undirected,10492,,,2
1144,1145,Undirected,10497,,,2
1144,1146,Undirected,10498,,,2
1145,1146,Undirected,10500,,,2
1147,1148,Undirected,10503,,,2
1147,1149,Undirected,10504,,,2
1148,1149,Undirected,10506,,,2
1150,1151,Undirected,10509,,,2
1150,1152,Undirected,10510,,,2
1150,1153,Undirected,10511,,,2
1151,1152,Undirected,10513,,,2
1151,1153,Undirected,10514,,,2
1152,1153,Undirected,10517,,,2
1154,1155,Undirected,10521,,,2
1154,1156,Undirected,10522,,,2
1154,1157,Undirected,10523,,,2
1154,1158,Undirected,10524,,,2
1155,1156,Undirected,10526,,,2
1155,1157,Undirected,10527,,,2
1155,1158,Undirected,10528,,,2
1156,1157,Undirected,10531,,,2
1156,1158,Undirected,10532,,,2
1157,1158,Undirected,10536,,,2
1159,1160,Undirected,10541,,,2
1159,1161,Undirected,10542,,,2
1160,1161,Undirected,10544,,,2
1162,1163,Undirected,10547,,,2
1162,1164,Undirected,10548,,,2
1162,1165,Undirected,10549,,,2
1162,1166,Undirected,10550,,,2
1163,1164,Undirected,10552,,,2
1163,1165,Undirected,10553,,,2
1163,1166,Undirected,10554,,,2
1164,1165,Undirected,10557,,,2
1164,1166,Undirected,10558,,,2
1165,1166,Undirected,10562,,,2
1167,1168,Undirected,10567,,,2
1167,1169,Undirected,10568,,,2
1167,1170,Undirected,10569,,,2
1167,1171,Undirected,10570,,,2
1168,1169,Undirected,10572,,,2
1168,1170,Undirected,10573,,,2
1168,1171,Undirected,10574,,,2
1169,1170,Undirected,10577,,,2
1169,1171,Undirected,10578,,,2
1170,1171,Undirected,10582,,,2
1172,1173,Undirected,10587,,,2
1174,1175,Undirected,10589,,,2
1174,1176,Undirected,10590,,,2
1174,1177,Undirected,10591,,,2
1174,1178,Undirected,10592,,,2
1175,1176,Undirected,10594,,,2
1175,1177,Undirected,10595,,,2
1175,1178,Undirected,10596,,,2
1176,1177,Undirected,10599,,,2
1176,1178,Undirected,10600,,,2
1177,1178,Undirected,10604,,,2
1179,1180,Undirected,10609,,,2
1179,1181,Undirected,10610,,,2
1180,1181,Undirected,10612,,,2
1182,1183,Undirected,10615,,,4
1182,1184,Undirected,10616,,,2
1182,1185,Undirected,10617,,,4
1182,1554,Undirected,10618,,,2
1183,1184,Undirected,10620,,,2
1183,1185,Undirected,10621,,,4
1183,1554,Undirected,10622,,,2
1184,1185,Undirected,10625,,,2
1185,1554,Undirected,10629,,,2
1186,1187,Undirected,10632,,,2
1186,1188,Undirected,10633,,,2
1187,1188,Undirected,10637,,,2
1189,1190,Undirected,10642,,,2
1189,1191,Undirected,10643,,,2
1190,1191,Undirected,10645,,,2
1191,1285,Undirected,10649,,,2
1191,1286,Undirected,10650,,,2
1192,1193,Undirected,10651,,,2
1192,1194,Undirected,10652,,,2
1193,1194,Undirected,10654,,,2
1195,1196,Undirected,10657,,,2
1197,1198,Undirected,10659,,,2
1197,1199,Undirected,10660,,,2
1197,1200,Undirected,10661,,,2
1197,1201,Undirected,10662,,,2
1198,1199,Undirected,10664,,,2
1198,1200,Undirected,10665,,,2
1198,1201,Undirected,10666,,,2
1199,1200,Undirected,10669,,,2
1199,1201,Undirected,10670,,,2
1200,1201,Undirected,10674,,,2
1202,1203,Undirected,10679,,,2
1202,1204,Undirected,10680,,,2
1202,1205,Undirected,10681,,,2
1203,1204,Undirected,10683,,,2
1203,1205,Undirected,10684,,,2
1204,1205,Undirected,10687,,,2
1206,1207,Undirected,10692,,,2
1206,1208,Undirected,10693,,,2
1206,1209,Undirected,10694,,,2
1207,1208,Undirected,10697,,,2
1207,1209,Undirected,10698,,,2
1208,1209,Undirected,10702,,,2
1210,1211,Undirected,10707,,,2
1210,1212,Undirected,10708,,,2
1211,1212,Undirected,10710,,,2
1211,1905,Undirected,10711,,,2
1211,1906,Undirected,10712,,,2
1211,1907,Undirected,10713,,,2
1211,1908,Undirected,10714,,,2
1213,1214,Undirected,10717,,,2
1213,1215,Undirected,10718,,,2
1213,1216,Undirected,10719,,,2
1213,1217,Undirected,10720,,,2
1214,1215,Undirected,10722,,,2
1214,1216,Undirected,10723,,,2
1214,1217,Undirected,10724,,,2
1215,1216,Undirected,10727,,,2
1215,1217,Undirected,10728,,,2
1216,1217,Undirected,10732,,,2
1218,1219,Undirected,10737,,,2
1218,1220,Undirected,10738,,,2
1219,1220,Undirected,10740,,,2
1221,1222,Undirected,10743,,,2
1221,1223,Undirected,10744,,,2
1222,1223,Undirected,10746,,,4
1222,1312,Undirected,10747,,,2
1222,1313,Undirected,10748,,,2
1223,1312,Undirected,10751,,,2
1223,1313,Undirected,10752,,,2
1224,1225,Undirected,10753,,,2
1224,1226,Undirected,10754,,,2
1224,1227,Undirected,10755,,,2
1224,1228,Undirected,10756,,,2
1225,1226,Undirected,10758,,,2
1225,1227,Undirected,10759,,,2
1225,1228,Undirected,10760,,,2
1226,1227,Undirected,10763,,,2
1226,1228,Undirected,10764,,,2
1227,1228,Undirected,10768,,,2
1229,1230,Undirected,10773,,,2
1229,1231,Undirected,10774,,,2
1229,1232,Undirected,10775,,,2
1229,1233,Undirected,10776,,,2
1230,1231,Undirected,10778,,,2
1230,1232,Undirected,10779,,,2
1230,1233,Undirected,10780,,,2
1231,1232,Undirected,10783,,,2
1231,1233,Undirected,10784,,,2
1232,1233,Undirected,10788,,,2
1234,1235,Undirected,10793,,,2
1234,1236,Undirected,10794,,,2
1234,1237,Undirected,10795,,,2
1234,1238,Undirected,10796,,,2
1235,1236,Undirected,10798,,,2
1235,1237,Undirected,10799,,,2
1235,1238,Undirected,10800,,,2
1236,1237,Undirected,10803,,,2
1236,1238,Undirected,10804,,,2
1237,1238,Undirected,10808,,,2
1239,1240,Undirected,10813,,,2
1239,1241,Undirected,10814,,,2
1239,1242,Undirected,10815,,,2
1239,1243,Undirected,10816,,,2
1240,1241,Undirected,10818,,,2
1240,1242,Undirected,10819,,,2
1240,1243,Undirected,10820,,,2
1241,1242,Undirected,10823,,,2
1241,1243,Undirected,10824,,,2
1242,1243,Undirected,10828,,,2
1244,1245,Undirected,10833,,,2
1244,1246,Undirected,10834,,,2
1244,1247,Undirected,10835,,,2
1245,1246,Undirected,10837,,,2
1245,1247,Undirected,10838,,,2
1246,1247,Undirected,10841,,,2
1248,1249,Undirected,10845,,,2
1248,1250,Undirected,10846,,,2
1249,1250,Undirected,10848,,,2
1251,1252,Undirected,10851,,,2
1251,1253,Undirected,10852,,,2
1251,1254,Undirected,10853,,,2
1251,1255,Undirected,10854,,,2
1252,1253,Undirected,10856,,,2
1252,1254,Undirected,10857,,,2
1252,1255,Undirected,10858,,,2
1252,1487,Undirected,10859,,,2
1253,1254,Undirected,10862,,,2
1253,1255,Undirected,10863,,,2
1254,1255,Undirected,10867,,,2
1256,1257,Undirected,10872,,,2
1256,1258,Undirected,10873,,,2
1256,1259,Undirected,10874,,,2
1257,1258,Undirected,10876,,,2
1257,1259,Undirected,10877,,,2
1258,1259,Undirected,10880,,,2
1259,1898,Undirected,10884,,,2
1259,1899,Undirected,10885,,,2
1259,1900,Undirected,10886,,,2
1259,1901,Undirected,10887,,,2
1260,1261,Undirected,10888,,,2
1260,1262,Undirected,10889,,,2
1260,1263,Undirected,10890,,,2
1260,1264,Undirected,10891,,,2
1261,1262,Undirected,10893,,,2
1261,1263,Undirected,10894,,,2
1261,1264,Undirected,10895,,,2
1262,1263,Undirected,10898,,,2
1262,1264,Undirected,10899,,,2
1263,1264,Undirected,10903,,,2
1265,1266,Undirected,10908,,,2
1267,1268,Undirected,10910,,,2
1267,1269,Undirected,10911,,,2
1267,1270,Undirected,10912,,,2
1268,1269,Undirected,10914,,,2
1268,1270,Undirected,10915,,,2
1269,1270,Undirected,10918,,,2
1271,1272,Undirected,10922,,,2
1273,1274,Undirected,10924,,,2
1273,1275,Undirected,10925,,,2
1273,1276,Undirected,10926,,,2
1274,1275,Undirected,10928,,,2
1274,1276,Undirected,10929,,,2
1275,1276,Undirected,10932,,,2
1277,1278,Undirected,10936,,,2
1277,1279,Undirected,10937,,,2
1278,1279,Undirected,10939,,,2
1280,1281,Undirected,10942,,,2
1280,1282,Undirected,10943,,,2
1280,1283,Undirected,10944,,,2
1280,1284,Undirected,10945,,,2
1281,1282,Undirected,10947,,,2
1281,1283,Undirected,10948,,,2
1281,1284,Undirected,10949,,,2
1282,1283,Undirected,10952,,,2
1282,1284,Undirected,10953,,,2
1283,1284,Undirected,10957,,,2
1285,1286,Undirected,10964,,,2
1287,1288,Undirected,10968,,,2
1287,1289,Undirected,10969,,,2
1287,1290,Undirected,10970,,,2
1287,1291,Undirected,10971,,,2
1288,1289,Undirected,10973,,,2
1288,1290,Undirected,10974,,,2
1288,1291,Undirected,10975,,,2
1289,1290,Undirected,10978,,,2
1289,1291,Undirected,10979,,,2
1290,1291,Undirected,10983,,,2
1292,1293,Undirected,10988,,,2
1292,1294,Undirected,10989,,,2
1293,1294,Undirected,10991,,,2
1293,1884,Undirected,10992,,,2
1293,1885,Undirected,10993,,,2
1293,1886,Undirected,10994,,,2
1293,1887,Undirected,10995,,,2
1295,1296,Undirected,10998,,,2
1295,1297,Undirected,10999,,,2
1296,1297,Undirected,11001,,,2
1299,1300,Undirected,11007,,,2
1299,1301,Undirected,11008,,,2
1300,1301,Undirected,11010,,,2
1302,1303,Undirected,11013,,,2
1302,1304,Undirected,11014,,,2
1302,1305,Undirected,11015,,,2
1302,1306,Undirected,11016,,,2
1303,1304,Undirected,11018,,,2
1303,1305,Undirected,11019,,,2
1303,1306,Undirected,11020,,,2
1304,1305,Undirected,11023,,,2
1304,1306,Undirected,11024,,,2
1305,1306,Undirected,11028,,,2
1307,1308,Undirected,11034,,,2
1309,1310,Undirected,11037,,,2
1309,1311,Undirected,11038,,,2
1310,1311,Undirected,11040,,,2
1311,1470,Undirected,11043,,,2
1312,1313,Undirected,11046,,,2
1314,1315,Undirected,11051,,,2
1314,1316,Undirected,11052,,,2
1314,1317,Undirected,11053,,,2
1315,1316,Undirected,11056,,,2
1315,1317,Undirected,11057,,,2
1316,1317,Undirected,11061,,,2
1318,1319,Undirected,11066,,,2
1318,1320,Undirected,11067,,,2
1318,1321,Undirected,11068,,,2
1318,1322,Undirected,11069,,,2
1319,1320,Undirected,11071,,,2
1319,1321,Undirected,11072,,,2
1319,1322,Undirected,11073,,,2
1320,1321,Undirected,11076,,,2
1320,1322,Undirected,11077,,,2
1321,1322,Undirected,11081,,,2
1323,1324,Undirected,11086,,,2
1323,1325,Undirected,11087,,,2
1323,1326,Undirected,11088,,,2
1323,1327,Undirected,11089,,,2
1324,1325,Undirected,11091,,,2
1324,1326,Undirected,11092,,,2
1324,1327,Undirected,11093,,,2
1325,1326,Undirected,11096,,,2
1325,1327,Undirected,11097,,,2
1325,1826,Undirected,11098,,,2
1325,1827,Undirected,11099,,,2
1326,1327,Undirected,11103,,,2
1328,1329,Undirected,11108,,,2
1328,1330,Undirected,11109,,,2
1328,1331,Undirected,11110,,,2
1328,1332,Undirected,11111,,,2
1329,1330,Undirected,11113,,,2
1329,1331,Undirected,11114,,,2
1329,1332,Undirected,11115,,,2
1330,1331,Undirected,11118,,,2
1330,1332,Undirected,11119,,,2
1331,1332,Undirected,11123,,,2
1333,1334,Undirected,11128,,,2
1333,1335,Undirected,11129,,,2
1333,1336,Undirected,11130,,,2
1333,1337,Undirected,11131,,,2
1334,1335,Undirected,11133,,,2
1334,1336,Undirected,11134,,,2
1334,1337,Undirected,11135,,,2
1335,1336,Undirected,11138,,,2
1335,1337,Undirected,11139,,,2
1336,1337,Undirected,11143,,,2
1337,1447,Undirected,11148,,,2
1337,1448,Undirected,11149,,,2
1338,1339,Undirected,11150,,,2
1338,1340,Undirected,11151,,,2
1338,1341,Undirected,11152,,,2
1339,1340,Undirected,11154,,,2
1339,1341,Undirected,11155,,,2
1340,1341,Undirected,11158,,,2
1342,1343,Undirected,11162,,,2
1342,1344,Undirected,11163,,,2
1342,1345,Undirected,11164,,,2
1342,1346,Undirected,11165,,,2
1343,1344,Undirected,11167,,,2
1343,1345,Undirected,11168,,,2
1343,1346,Undirected,11169,,,2
1344,1345,Undirected,11172,,,2
1344,1346,Undirected,11173,,,2
1345,1346,Undirected,11177,,,2
1347,1348,Undirected,11183,,,2
1349,1350,Undirected,11186,,,2
1349,1351,Undirected,11187,,,2
1350,1351,Undirected,11189,,,2
1352,1353,Undirected,11192,,,2
1352,1354,Undirected,11193,,,2
1352,1355,Undirected,11194,,,2
1352,1356,Undirected,11195,,,2
1353,1354,Undirected,11197,,,2
1353,1355,Undirected,11198,,,2
1353,1356,Undirected,11199,,,2
1354,1355,Undirected,11202,,,2
1354,1356,Undirected,11203,,,2
1355,1356,Undirected,11207,,,2
1357,1358,Undirected,11212,,,2
1357,1359,Undirected,11213,,,2
1357,1360,Undirected,11214,,,2
1358,1359,Undirected,11216,,,2
1358,1360,Undirected,11217,,,2
1359,1360,Undirected,11220,,,2
1361,1362,Undirected,11224,,,2
1361,1363,Undirected,11225,,,2
1362,1363,Undirected,11227,,,2
1364,1365,Undirected,11230,,,2
1364,1366,Undirected,11231,,,2
1364,1367,Undirected,11232,,,2
1364,1368,Undirected,11233,,,2
1365,1366,Undirected,11235,,,2
1365,1367,Undirected,11236,,,2
1365,1368,Undirected,11237,,,2
1366,1367,Undirected,11240,,,2
1366,1368,Undirected,11241,,,2
1367,1368,Undirected,11245,,,2
1369,1370,Undirected,11250,,,2
1369,1371,Undirected,11251,,,2
1370,1371,Undirected,11253,,,2
1372,1373,Undirected,11256,,,2
1372,1374,Undirected,11257,,,2
1373,1374,Undirected,11259,,,2
1375,1376,Undirected,11262,,,2
1375,1377,Undirected,11263,,,2
1375,1378,Undirected,11264,,,2
1376,1377,Undirected,11266,,,2
1376,1378,Undirected,11267,,,2
1377,1378,Undirected,11270,,,2
1380,1381,Undirected,11275,,,2
1380,1382,Undirected,11276,,,2
1380,1383,Undirected,11277,,,2
1381,1382,Undirected,11279,,,2
1381,1383,Undirected,11280,,,2
1382,1383,Undirected,11283,,,2
1384,1385,Undirected,11287,,,2
1384,1386,Undirected,11288,,,2
1385,1386,Undirected,11290,,,2
1387,1388,Undirected,11294,,,2
1389,1390,Undirected,11297,,,2
1389,1391,Undirected,11298,,,2
1390,1391,Undirected,11300,,,2
1392,1393,Undirected,11303,,,2
1392,1394,Undirected,11304,,,2
1393,1394,Undirected,11306,,,2
1395,1396,Undirected,11309,,,2
1395,1397,Undirected,11310,,,2
1395,1398,Undirected,11311,,,2
1395,1399,Undirected,11312,,,2
1396,1397,Undirected,11314,,,2
1396,1398,Undirected,11315,,,2
1396,1399,Undirected,11316,,,2
1397,1398,Undirected,11319,,,2
1397,1399,Undirected,11320,,,2
1398,1399,Undirected,11324,,,2
1400,1401,Undirected,11330,,,2
1400,1402,Undirected,11331,,,2
1400,1403,Undirected,11332,,,2
1401,1402,Undirected,11335,,,2
1401,1403,Undirected,11336,,,2
1402,1403,Undirected,11340,,,2
1404,1405,Undirected,11345,,,2
1404,1406,Undirected,11346,,,2
1404,1407,Undirected,11347,,,2
1404,1408,Undirected,11348,,,2
1405,1406,Undirected,11350,,,2
1405,1407,Undirected,11351,,,2
1405,1408,Undirected,11352,,,2
1406,1407,Undirected,11355,,,2
1406,1408,Undirected,11356,,,2
1407,1408,Undirected,11360,,,2
1409,1410,Undirected,11365,,,2
1409,1411,Undirected,11366,,,2
1409,1412,Undirected,11367,,,2
1409,1413,Undirected,11368,,,2
1410,1411,Undirected,11370,,,2
1410,1412,Undirected,11371,,,2
1410,1413,Undirected,11372,,,2
1411,1412,Undirected,11375,,,2
1411,1413,Undirected,11376,,,2
1412,1413,Undirected,11380,,,2
1414,1415,Undirected,11385,,,2
1414,1416,Undirected,11386,,,2
1414,1417,Undirected,11387,,,2
1414,1418,Undirected,11388,,,2
1415,1416,Undirected,11390,,,2
1415,1417,Undirected,11391,,,2
1415,1418,Undirected,11392,,,2
1416,1417,Undirected,11395,,,2
1416,1418,Undirected,11396,,,2
1417,1418,Undirected,11400,,,2
1419,1420,Undirected,11405,,,2
1419,1421,Undirected,11406,,,2
1420,1421,Undirected,11408,,,2
1422,1423,Undirected,11411,,,2
1422,1424,Undirected,11412,,,2
1422,1425,Undirected,11413,,,2
1422,1426,Undirected,11414,,,2
1423,1424,Undirected,11416,,,2
1423,1425,Undirected,11417,,,2
1423,1426,Undirected,11418,,,2
1424,1425,Undirected,11421,,,2
1424,1426,Undirected,11422,,,2
1425,1426,Undirected,11426,,,2
1427,1428,Undirected,11431,,,2
1427,1429,Undirected,11432,,,2
1428,1429,Undirected,11434,,,2
1430,1431,Undirected,11437,,,2
1432,1433,Undirected,11439,,,2
1432,1434,Undirected,11440,,,2
1432,1435,Undirected,11441,,,2
1433,1434,Undirected,11443,,,2
1433,1435,Undirected,11444,,,2
1434,1435,Undirected,11447,,,2
1436,1437,Undirected,11451,,,2
1436,1438,Undirected,11452,,,2
1437,1438,Undirected,11454,,,2
1439,1440,Undirected,11457,,,2
1441,1442,Undirected,11459,,,2
1443,1444,Undirected,11461,,,2
1443,1445,Undirected,11462,,,2
1443,1446,Undirected,11463,,,2
1444,1445,Undirected,11465,,,2
1444,1446,Undirected,11466,,,2
1445,1446,Undirected,11469,,,2
1447,1448,Undirected,11474,,,2
1449,1450,Undirected,11477,,,2
1451,1452,Undirected,11479,,,2
1451,1453,Undirected,11480,,,2
1451,1454,Undirected,11481,,,2
1452,1453,Undirected,11483,,,2
1452,1454,Undirected,11484,,,2
1453,1454,Undirected,11487,,,2
1455,1456,Undirected,11491,,,2
1455,1457,Undirected,11492,,,2
1455,1458,Undirected,11493,,,2
1456,1457,Undirected,11495,,,2
1456,1458,Undirected,11496,,,2
1457,1458,Undirected,11499,,,2
1459,1460,Undirected,11503,,,2
1459,1461,Undirected,11504,,,2
1460,1461,Undirected,11506,,,2
1462,1463,Undirected,11509,,,2
1462,1464,Undirected,11510,,,2
1462,1465,Undirected,11511,,,2
1462,1466,Undirected,11512,,,2
1463,1464,Undirected,11514,,,2
1463,1465,Undirected,11515,,,2
1463,1466,Undirected,11516,,,2
1464,1465,Undirected,11519,,,2
1464,1466,Undirected,11520,,,2
1465,1466,Undirected,11524,,,2
1467,1468,Undirected,11529,,,2
1467,1469,Undirected,11530,,,2
1468,1469,Undirected,11532,,,2
1471,1472,Undirected,11536,,,2
1471,1473,Undirected,11537,,,2
1471,1474,Undirected,11538,,,2
1471,1475,Undirected,11539,,,2
1472,1473,Undirected,11541,,,2
1472,1474,Undirected,11542,,,2
1472,1475,Undirected,11543,,,2
1473,1474,Undirected,11546,,,2
1473,1475,Undirected,11547,,,2
1474,1475,Undirected,11551,,,2
1476,1477,Undirected,11556,,,2
1478,1479,Undirected,11559,,,2
1478,1480,Undirected,11560,,,2
1478,1481,Undirected,11561,,,2
1479,1480,Undirected,11564,,,2
1479,1481,Undirected,11565,,,2
1480,1481,Undirected,11569,,,2
1482,1483,Undirected,11574,,,2
1484,1485,Undirected,11576,,,2
1484,1486,Undirected,11577,,,2
1485,1486,Undirected,11579,,,2
1488,1489,Undirected,11583,,,2
1488,1490,Undirected,11584,,,2
1489,1490,Undirected,11586,,,2
1491,1492,Undirected,11589,,,2
1491,1493,Undirected,11590,,,2
1492,1493,Undirected,11592,,,2
1494,1495,Undirected,11595,,,2
1494,1496,Undirected,11596,,,2
1494,1497,Undirected,11597,,,2
1494,1498,Undirected,11598,,,2
1495,1496,Undirected,11600,,,2
1495,1497,Undirected,11601,,,2
1495,1498,Undirected,11602,,,2
1496,1497,Undirected,11605,,,2
1496,1498,Undirected,11606,,,2
1497,1498,Undirected,11610,,,2
1499,1500,Undirected,11615,,,2
1499,1501,Undirected,11616,,,2
1500,1501,Undirected,11618,,,2
1502,1503,Undirected,11621,,,2
1502,1504,Undirected,11622,,,2
1502,1505,Undirected,11623,,,2
1502,1506,Undirected,11624,,,2
1503,1504,Undirected,11626,,,2
1503,1505,Undirected,11627,,,2
1503,1506,Undirected,11628,,,2
1504,1505,Undirected,11631,,,2
1504,1506,Undirected,11632,,,2
1505,1506,Undirected,11636,,,2
1507,1508,Undirected,11641,,,2
1507,1509,Undirected,11642,,,2
1507,1510,Undirected,11643,,,2
1508,1509,Undirected,11645,,,2
1508,1510,Undirected,11646,,,2
1509,1510,Undirected,11649,,,2
1511,1512,Undirected,11653,,,2
1513,1514,Undirected,11655,,,2
1513,1515,Undirected,11656,,,2
1513,1516,Undirected,11657,,,2
1513,1517,Undirected,11658,,,2
1514,1515,Undirected,11660,,,2
1514,1516,Undirected,11661,,,2
1514,1517,Undirected,11662,,,2
1515,1516,Undirected,11665,,,2
1515,1517,Undirected,11666,,,2
1516,1517,Undirected,11670,,,2
1518,1519,Undirected,11675,,,2
1518,1520,Undirected,11676,,,2
1518,1521,Undirected,11677,,,2
1519,1520,Undirected,11679,,,2
1519,1521,Undirected,11680,,,2
1520,1521,Undirected,11683,,,2
1522,1523,Undirected,11687,,,2
1522,1524,Undirected,11688,,,2
1522,1525,Undirected,11689,,,2
1522,1526,Undirected,11690,,,2
1523,1524,Undirected,11692,,,2
1523,1525,Undirected,11693,,,2
1523,1526,Undirected,11694,,,2
1524,1525,Undirected,11697,,,2
1524,1526,Undirected,11698,,,2
1525,1526,Undirected,11702,,,2
1527,1528,Undirected,11707,,,2
1527,1529,Undirected,11708,,,2
1527,1530,Undirected,11709,,,2
1527,1531,Undirected,11710,,,2
1528,1529,Undirected,11712,,,2
1528,1530,Undirected,11713,,,2
1528,1531,Undirected,11714,,,2
1529,1530,Undirected,11717,,,2
1529,1531,Undirected,11718,,,2
1530,1531,Undirected,11722,,,2
1532,1533,Undirected,11727,,,2
1532,1534,Undirected,11728,,,2
1533,1534,Undirected,11730,,,2
1535,1536,Undirected,11733,,,2
1535,1537,Undirected,11734,,,2
1535,1538,Undirected,11735,,,2
1535,1539,Undirected,11736,,,2
1536,1537,Undirected,11738,,,2
1536,1538,Undirected,11739,,,2
1536,1539,Undirected,11740,,,2
1537,1538,Undirected,11743,,,2
1537,1539,Undirected,11744,,,2
1538,1539,Undirected,11748,,,2
1540,1541,Undirected,11753,,,2
1540,1542,Undirected,11754,,,2
1540,1543,Undirected,11755,,,2
1541,1542,Undirected,11757,,,2
1541,1543,Undirected,11758,,,2
1542,1543,Undirected,11761,,,2
1544,1545,Undirected,11765,,,2
1544,1546,Undirected,11766,,,2
1545,1546,Undirected,11768,,,2
1546,1684,Undirected,11772,,,2
1546,1685,Undirected,11773,,,2
1547,1548,Undirected,11775,,,2
1549,1550,Undirected,11778,,,2
1551,1552,Undirected,11780,,,2
1551,1553,Undirected,11781,,,2
1552,1553,Undirected,11783,,,2
1555,1556,Undirected,11789,,,2
1555,1557,Undirected,11790,,,2
1555,1558,Undirected,11791,,,2
1556,1557,Undirected,11793,,,2
1556,1558,Undirected,11794,,,2
1557,1558,Undirected,11797,,,2
1559,1560,Undirected,11802,,,2
1561,1562,Undirected,11805,,,2
1561,1563,Undirected,11806,,,2
1562,1563,Undirected,11808,,,2
1565,1566,Undirected,11812,,,2
1565,1567,Undirected,11813,,,2
1565,1568,Undirected,11814,,,2
1565,1569,Undirected,11815,,,2
1566,1567,Undirected,11817,,,2
1566,1568,Undirected,11818,,,2
1566,1569,Undirected,11819,,,2
1567,1568,Undirected,11822,,,2
1567,1569,Undirected,11823,,,2
1568,1569,Undirected,11827,,,2
1570,1571,Undirected,11833,,,2
1570,1572,Undirected,11834,,,2
1570,1573,Undirected,11835,,,2
1571,1572,Undirected,11838,,,2
1571,1573,Undirected,11839,,,2
1572,1573,Undirected,11843,,,2
1574,1575,Undirected,11848,,,2
1576,1577,Undirected,11850,,,2
1576,1578,Undirected,11851,,,2
1576,1579,Undirected,11852,,,2
1577,1578,Undirected,11854,,,2
1577,1579,Undirected,11855,,,2
1578,1579,Undirected,11858,,,2
1580,1581,Undirected,11862,,,2
1580,1582,Undirected,11863,,,2
1580,1583,Undirected,11864,,,2
1581,1582,Undirected,11866,,,2
1581,1583,Undirected,11867,,,2
1582,1583,Undirected,11870,,,2
1584,1585,Undirected,11874,,,2
1584,1586,Undirected,11875,,,2
1585,1586,Undirected,11877,,,2
1588,1589,Undirected,11882,,,2
1588,1590,Undirected,11883,,,2
1588,1591,Undirected,11884,,,2
1588,1592,Undirected,11885,,,2
1589,1590,Undirected,11887,,,2
1589,1591,Undirected,11888,,,2
1589,1592,Undirected,11889,,,2
1590,1591,Undirected,11892,,,2
1590,1592,Undirected,11893,,,2
1591,1592,Undirected,11897,,,2
1593,1594,Undirected,11902,,,2
1593,1595,Undirected,11903,,,2
1593,1596,Undirected,11904,,,2
1593,1597,Undirected,11905,,,2
1594,1595,Undirected,11907,,,2
1594,1596,Undirected,11908,,,2
1594,1597,Undirected,11909,,,2
1595,1596,Undirected,11912,,,2
1595,1597,Undirected,11913,,,2
1596,1597,Undirected,11917,,,2
1598,1599,Undirected,11922,,,2
1598,1600,Undirected,11923,,,2
1598,1601,Undirected,11924,,,2
1598,1602,Undirected,11925,,,2
1599,1600,Undirected,11927,,,2
1599,1601,Undirected,11928,,,2
1599,1602,Undirected,11929,,,2
1600,1601,Undirected,11932,,,2
1600,1602,Undirected,11933,,,2
1601,1602,Undirected,11937,,,2
1603,1604,Undirected,11942,,,2
1603,1605,Undirected,11943,,,2
1603,1606,Undirected,11944,,,2
1603,1607,Undirected,11945,,,2
1604,1605,Undirected,11947,,,2
1604,1606,Undirected,11948,,,2
1604,1607,Undirected,11949,,,2
1605,1606,Undirected,11952,,,2
1605,1607,Undirected,11953,,,2
1606,1607,Undirected,11957,,,2
1608,1609,Undirected,11962,,,2
1608,1610,Undirected,11963,,,2
1608,1611,Undirected,11964,,,2
1608,1612,Undirected,11965,,,2
1609,1610,Undirected,11967,,,2
1609,1611,Undirected,11968,,,2
1609,1612,Undirected,11969,,,2
1610,1611,Undirected,11972,,,2
1610,1612,Undirected,11973,,,2
1611,1612,Undirected,11977,,,2
1613,1614,Undirected,11982,,,2
1613,1615,Undirected,11983,,,2
1613,1616,Undirected,11984,,,2
1613,1617,Undirected,11985,,,2
1614,1615,Undirected,11987,,,2
1614,1616,Undirected,11988,,,2
1614,1617,Undirected,11989,,,2
1615,1616,Undirected,11992,,,2
1615,1617,Undirected,11993,,,2
1616,1617,Undirected,11997,,,2
1618,1619,Undirected,12002,,,2
1618,1620,Undirected,12003,,,2
1618,1621,Undirected,12004,,,2
1619,1620,Undirected,12006,,,2
1619,1621,Undirected,12007,,,2
1620,1621,Undirected,12010,,,2
1622,1623,Undirected,12014,,,2
1624,1625,Undirected,12016,,,2
1624,1626,Undirected,12017,,,2
1624,1627,Undirected,12018,,,2
1625,1626,Undirected,12020,,,2
1625,1627,Undirected,12021,,,2
1626,1627,Undirected,12024,,,2
1628,1629,Undirected,12028,,,2
1628,1630,Undirected,12029,,,2
1628,1631,Undirected,12030,,,2
1628,1632,Undirected,12031,,,2
1629,1630,Undirected,12033,,,2
1629,1631,Undirected,12034,,,2
1629,1632,Undirected,12035,,,2
1630,1631,Undirected,12038,,,2
1630,1632,Undirected,12039,,,2
1631,1632,Undirected,12043,,,2
1633,1634,Undirected,12050,,,2
1636,1637,Undirected,12057,,,2
1636,1638,Undirected,12058,,,2
1637,1638,Undirected,12061,,,2
1639,1640,Undirected,12065,,,2
1639,1641,Undirected,12066,,,2
1639,1642,Undirected,12067,,,2
1639,1643,Undirected,12068,,,2
1640,1641,Undirected,12070,,,2
1640,1642,Undirected,12071,,,2
1640,1643,Undirected,12072,,,2
1641,1642,Undirected,12075,,,2
1641,1643,Undirected,12076,,,2
1642,1643,Undirected,12080,,,2
1644,1645,Undirected,12085,,,2
1644,1646,Undirected,12086,,,2
1645,1646,Undirected,12088,,,2
1646,1958,Undirected,12091,,,2
1646,1959,Undirected,12092,,,2
1646,1960,Undirected,12093,,,2
1647,1648,Undirected,12094,,,2
1647,1649,Undirected,12095,,,2
1648,1649,Undirected,12097,,,2
1650,1651,Undirected,12100,,,2
1650,1652,Undirected,12101,,,2
1650,1653,Undirected,12102,,,2
1650,1654,Undirected,12103,,,2
1651,1652,Undirected,12105,,,2
1651,1653,Undirected,12106,,,2
1651,1654,Undirected,12107,,,2
1652,1653,Undirected,12110,,,2
1652,1654,Undirected,12111,,,2
1653,1654,Undirected,12115,,,2
1655,1656,Undirected,12120,,,2
1655,1657,Undirected,12121,,,2
1655,1658,Undirected,12122,,,2
1655,1659,Undirected,12123,,,2
1656,1657,Undirected,12125,,,2
1656,1658,Undirected,12126,,,2
1656,1659,Undirected,12127,,,2
1657,1658,Undirected,12130,,,2
1657,1659,Undirected,12131,,,2
1658,1659,Undirected,12135,,,2
1660,1661,Undirected,12140,,,2
1660,1662,Undirected,12141,,,2
1660,1663,Undirected,12142,,,2
1660,1664,Undirected,12143,,,2
1661,1662,Undirected,12145,,,2
1661,1663,Undirected,12146,,,2
1661,1664,Undirected,12147,,,2
1662,1663,Undirected,12150,,,2
1662,1664,Undirected,12151,,,2
1663,1664,Undirected,12155,,,2
1665,1666,Undirected,12160,,,2
1665,1667,Undirected,12161,,,2
1665,1668,Undirected,12162,,,2
1666,1667,Undirected,12164,,,2
1666,1668,Undirected,12165,,,2
1667,1668,Undirected,12168,,,2
1669,1670,Undirected,12172,,,2
1669,1671,Undirected,12173,,,2
1669,1672,Undirected,12174,,,2
1669,1673,Undirected,12175,,,2
1670,1671,Undirected,12177,,,2
1670,1672,Undirected,12178,,,2
1670,1673,Undirected,12179,,,2
1671,1672,Undirected,12182,,,2
1671,1673,Undirected,12183,,,2
1672,1673,Undirected,12187,,,2
1674,1675,Undirected,12193,,,2
1674,1676,Undirected,12194,,,2
1674,1677,Undirected,12195,,,2
1675,1676,Undirected,12198,,,2
1675,1677,Undirected,12199,,,2
1675,1837,Undirected,12200,,,2
1675,1838,Undirected,12201,,,2
1675,1839,Undirected,12202,,,2
1675,1840,Undirected,12203,,,2
1676,1677,Undirected,12207,,,2
1678,1679,Undirected,12213,,,2
1678,1680,Undirected,12214,,,2
1678,1681,Undirected,12215,,,2
1679,1680,Undirected,12218,,,2
1679,1681,Undirected,12219,,,2
1680,1681,Undirected,12223,,,2
1682,1683,Undirected,12228,,,2
1684,1685,Undirected,12232,,,2
1686,1687,Undirected,12236,,,2
1686,1688,Undirected,12237,,,2
1686,1689,Undirected,12238,,,2
1687,1688,Undirected,12240,,,2
1687,1689,Undirected,12241,,,2
1688,1689,Undirected,12244,,,2
1690,1691,Undirected,12248,,,2
1692,1693,Undirected,12250,,,2
1692,1694,Undirected,12251,,,2
1692,1695,Undirected,12252,,,2
1693,1694,Undirected,12254,,,2
1693,1695,Undirected,12255,,,2
1694,1695,Undirected,12258,,,2
1696,1697,Undirected,12262,,,2
1698,1699,Undirected,12264,,,2
1698,1700,Undirected,12265,,,2
1698,1701,Undirected,12266,,,2
1698,1702,Undirected,12267,,,2
1699,1700,Undirected,12269,,,2
1699,1701,Undirected,12270,,,2
1699,1702,Undirected,12271,,,2
1700,1701,Undirected,12274,,,2
1700,1702,Undirected,12275,,,2
1701,1702,Undirected,12279,,,2
1703,1704,Undirected,12284,,,2
1703,1705,Undirected,12285,,,2
1703,1706,Undirected,12286,,,2
1703,1707,Undirected,12287,,,2
1704,1705,Undirected,12289,,,2
1704,1706,Undirected,12290,,,2
1704,1707,Undirected,12291,,,2
1705,1706,Undirected,12294,,,2
1705,1707,Undirected,12295,,,2
1706,1707,Undirected,12299,,,2
1708,1709,Undirected,12304,,,2
1708,1710,Undirected,12305,,,2
1708,1711,Undirected,12306,,,2
1708,1712,Undirected,12307,,,2
1709,1710,Undirected,12309,,,2
1709,1711,Undirected,12310,,,2
1709,1712,Undirected,12311,,,2
1710,1711,Undirected,12314,,,2
1710,1712,Undirected,12315,,,2
1711,1712,Undirected,12319,,,2
1713,1714,Undirected,12324,,,2
1713,1715,Undirected,12325,,,2
1713,1716,Undirected,12326,,,2
1714,1715,Undirected,12328,,,2
1714,1716,Undirected,12329,,,2
1715,1716,Undirected,12332,,,2
1719,1720,Undirected,12338,,,2
1719,1721,Undirected,12339,,,2
1719,1722,Undirected,12340,,,2
1719,1723,Undirected,12341,,,2
1720,1721,Undirected,12343,,,2
1720,1722,Undirected,12344,,,2
1720,1723,Undirected,12345,,,2
1721,1722,Undirected,12348,,,2
1721,1723,Undirected,12349,,,2
1722,1723,Undirected,12353,,,2
1724,1725,Undirected,12358,,,2
1726,1727,Undirected,12362,,,2
1726,1728,Undirected,12363,,,2
1727,1728,Undirected,12367,,,2
1729,1730,Undirected,12372,,,2
1731,1732,Undirected,12374,,,2
1733,1734,Undirected,12376,,,2
1733,1735,Undirected,12377,,,2
1733,1736,Undirected,12378,,,2
1733,1737,Undirected,12379,,,2
1734,1735,Undirected,12381,,,2
1734,1736,Undirected,12382,,,2
1734,1737,Undirected,12383,,,2
1735,1736,Undirected,12386,,,2
1735,1737,Undirected,12387,,,2
1736,1737,Undirected,12391,,,2
1738,1739,Undirected,12399,,,2
1740,1741,Undirected,12404,,,2
1740,1742,Undirected,12405,,,2
1740,1743,Undirected,12406,,,2
1740,1744,Undirected,12407,,,2
1741,1742,Undirected,12409,,,2
1741,1743,Undirected,12410,,,2
1741,1744,Undirected,12411,,,2
1742,1743,Undirected,12414,,,2
1742,1744,Undirected,12415,,,2
1743,1744,Undirected,12419,,,2
1745,1746,Undirected,12424,,,2
1745,1747,Undirected,12425,,,2
1745,1748,Undirected,12426,,,2
1745,1749,Undirected,12427,,,2
1746,1747,Undirected,12429,,,2
1746,1748,Undirected,12430,,,2
1746,1749,Undirected,12431,,,2
1747,1748,Undirected,12434,,,2
1747,1749,Undirected,12435,,,2
1748,1749,Undirected,12439,,,2
1750,1751,Undirected,12444,,,2
1750,1752,Undirected,12445,,,2
1751,1752,Undirected,12447,,,2
1753,1754,Undirected,12450,,,2
1753,1755,Undirected,12451,,,2
1753,1756,Undirected,12452,,,2
1753,1757,Undirected,12453,,,2
1754,1755,Undirected,12455,,,2
1754,1756,Undirected,12456,,,2
1754,1757,Undirected,12457,,,2
1755,1756,Undirected,12460,,,2
1755,1757,Undirected,12461,,,2
1756,1757,Undirected,12465,,,2
1758,1759,Undirected,12470,,,2
1760,1761,Undirected,12472,,,2
1760,1762,Undirected,12473,,,2
1761,1762,Undirected,12475,,,2
1763,1764,Undirected,12478,,,2
1765,1766,Undirected,12480,,,2
1765,1767,Undirected,12481,,,2
1765,1768,Undirected,12482,,,2
1765,1769,Undirected,12483,,,2
1766,1767,Undirected,12485,,,2
1766,1768,Undirected,12486,,,2
1766,1769,Undirected,12487,,,2
1767,1768,Undirected,12490,,,2
1767,1769,Undirected,12491,,,2
1768,1769,Undirected,12495,,,2
1770,1771,Undirected,12500,,,2
1770,1772,Undirected,12501,,,2
1770,1773,Undirected,12502,,,2
1770,1774,Undirected,12503,,,2
1771,1772,Undirected,12505,,,2
1771,1773,Undirected,12506,,,2
1771,1774,Undirected,12507,,,2
1772,1773,Undirected,12510,,,2
1772,1774,Undirected,12511,,,2
1773,1774,Undirected,12515,,,2
1775,1776,Undirected,12520,,,2
1775,1777,Undirected,12521,,,2
1775,1778,Undirected,12522,,,2
1775,1779,Undirected,12523,,,2
1776,1777,Undirected,12525,,,2
1776,1778,Undirected,12526,,,2
1776,1779,Undirected,12527,,,2
1777,1778,Undirected,12530,,,2
1777,1779,Undirected,12531,,,2
1778,1779,Undirected,12535,,,2
1780,1781,Undirected,12540,,,2
1780,1782,Undirected,12541,,,2
1781,1782,Undirected,12543,,,2
1783,1784,Undirected,12546,,,2
1783,1785,Undirected,12547,,,2
1783,1786,Undirected,12548,,,2
1783,1787,Undirected,12549,,,2
1784,1785,Undirected,12551,,,2
1784,1786,Undirected,12552,,,2
1784,1787,Undirected,12553,,,2
1785,1786,Undirected,12556,,,2
1785,1787,Undirected,12557,,,2
1786,1787,Undirected,12561,,,2
1788,1789,Undirected,12566,,,2
1788,1790,Undirected,12567,,,2
1788,1791,Undirected,12568,,,2
1788,1792,Undirected,12569,,,2
1789,1790,Undirected,12571,,,2
1789,1791,Undirected,12572,,,2
1789,1792,Undirected,12573,,,2
1790,1791,Undirected,12576,,,2
1790,1792,Undirected,12577,,,2
1791,1792,Undirected,12581,,,2
1793,1794,Undirected,12586,,,2
1793,1795,Undirected,12587,,,2
1793,1796,Undirected,12588,,,2
1793,1797,Undirected,12589,,,2
1794,1795,Undirected,12591,,,2
1794,1796,Undirected,12592,,,2
1794,1797,Undirected,12593,,,2
1795,1796,Undirected,12596,,,2
1795,1797,Undirected,12597,,,2
1796,1797,Undirected,12601,,,2
1798,1799,Undirected,12606,,,2
1800,1801,Undirected,12608,,,2
1802,1803,Undirected,12610,,,2
1802,1804,Undirected,12611,,,2
1802,1805,Undirected,12612,,,2
1802,1806,Undirected,12613,,,2
1803,1804,Undirected,12615,,,2
1803,1805,Undirected,12616,,,2
1803,1806,Undirected,12617,,,2
1804,1805,Undirected,12620,,,2
1804,1806,Undirected,12621,,,2
1805,1806,Undirected,12625,,,2
1807,1808,Undirected,12630,,,2
1809,1810,Undirected,12632,,,2
1809,1811,Undirected,12633,,,2
1809,1812,Undirected,12634,,,2
1809,1813,Undirected,12635,,,2
1810,1811,Undirected,12637,,,2
1810,1812,Undirected,12638,,,2
1810,1813,Undirected,12639,,,2
1811,1812,Undirected,12642,,,2
1811,1813,Undirected,12643,,,2
1812,1813,Undirected,12647,,,2
1814,1815,Undirected,12654,,,2
1814,1816,Undirected,12655,,,2
1815,1816,Undirected,12659,,,2
1817,1818,Undirected,12664,,,2
1817,1819,Undirected,12665,,,2
1817,1820,Undirected,12666,,,2
1817,1821,Undirected,12667,,,2
1818,1819,Undirected,12669,,,2
1818,1820,Undirected,12670,,,2
1818,1821,Undirected,12671,,,2
1819,1820,Undirected,12674,,,2
1819,1821,Undirected,12675,,,2
1820,1821,Undirected,12679,,,2
1822,1823,Undirected,12685,,,2
1822,1824,Undirected,12686,,,2
1822,1825,Undirected,12687,,,2
1823,1824,Undirected,12690,,,2
1823,1825,Undirected,12691,,,2
1824,1825,Undirected,12695,,,2
1826,1827,Undirected,12701,,,2
1828,1829,Undirected,12704,,,2
1830,1831,Undirected,12707,,,2
1830,1832,Undirected,12708,,,2
1830,1833,Undirected,12709,,,2
1831,1832,Undirected,12712,,,2
1831,1833,Undirected,12713,,,2
1832,1833,Undirected,12717,,,2
1834,1835,Undirected,12722,,,2
1834,1836,Undirected,12723,,,2
1835,1836,Undirected,12725,,,2
1837,1838,Undirected,12729,,,2
1837,1839,Undirected,12730,,,2
1837,1840,Undirected,12731,,,2
1838,1839,Undirected,12734,,,2
1838,1840,Undirected,12735,,,2
1839,1840,Undirected,12739,,,2
1841,1842,Undirected,12744,,,2
1843,1844,Undirected,12746,,,2
1843,1845,Undirected,12747,,,2
1843,1846,Undirected,12748,,,2
1843,1847,Undirected,12749,,,2
1844,1845,Undirected,12751,,,2
1844,1846,Undirected,12752,,,2
1844,1847,Undirected,12753,,,2
1845,1846,Undirected,12756,,,2
1845,1847,Undirected,12757,,,2
1846,1847,Undirected,12761,,,2
1848,1849,Undirected,12766,,,2
1848,1850,Undirected,12767,,,2
1848,1851,Undirected,12768,,,2
1848,1852,Undirected,12769,,,2
1849,1850,Undirected,12771,,,2
1849,1851,Undirected,12772,,,2
1849,1852,Undirected,12773,,,2
1850,1851,Undirected,12776,,,2
1850,1852,Undirected,12777,,,2
1851,1852,Undirected,12781,,,2
1853,1854,Undirected,12786,,,2
1853,1855,Undirected,12787,,,2
1853,1856,Undirected,12788,,,2
1853,1857,Undirected,12789,,,2
1854,1855,Undirected,12791,,,2
1854,1856,Undirected,12792,,,2
1854,1857,Undirected,12793,,,2
1855,1856,Undirected,12796,,,2
1855,1857,Undirected,12797,,,2
1856,1857,Undirected,12801,,,2
1858,1859,Undirected,12806,,,2
1858,1860,Undirected,12807,,,2
1858,1861,Undirected,12808,,,2
1858,1862,Undirected,12809,,,2
1859,1860,Undirected,12811,,,2
1859,1861,Undirected,12812,,,2
1859,1862,Undirected,12813,,,2
1860,1861,Undirected,12816,,,2
1860,1862,Undirected,12817,,,2
1861,1862,Undirected,12821,,,2
1864,1865,Undirected,12827,,,2
1866,1867,Undirected,12829,,,2
1866,1868,Undirected,12830,,,2
1866,1869,Undirected,12831,,,2
1866,1870,Undirected,12832,,,2
1867,1868,Undirected,12834,,,2
1867,1869,Undirected,12835,,,2
1867,1870,Undirected,12836,,,2
1868,1869,Undirected,12839,,,2
1868,1870,Undirected,12840,,,2
1869,1870,Undirected,12844,,,2
1871,1872,Undirected,12849,,,2
1873,1874,Undirected,12851,,,2
1875,1876,Undirected,12853,,,2
1875,1877,Undirected,12854,,,2
1875,1878,Undirected,12855,,,2
1875,1879,Undirected,12856,,,2
1876,1877,Undirected,12858,,,2
1876,1878,Undirected,12859,,,2
1876,1879,Undirected,12860,,,2
1877,1878,Undirected,12863,,,2
1877,1879,Undirected,12864,,,2
1878,1879,Undirected,12868,,,2
1880,1881,Undirected,12873,,,2
1880,1882,Undirected,12874,,,2
1880,1883,Undirected,12875,,,2
1881,1882,Undirected,12877,,,2
1881,1883,Undirected,12878,,,2
1882,1883,Undirected,12881,,,2
1884,1885,Undirected,12886,,,2
1884,1886,Undirected,12887,,,2
1884,1887,Undirected,12888,,,2
1885,1886,Undirected,12891,,,2
1885,1887,Undirected,12892,,,2
1886,1887,Undirected,12896,,,2
1888,1889,Undirected,12902,,,2
1890,1891,Undirected,12905,,,2
1890,1892,Undirected,12906,,,2
1890,1893,Undirected,12907,,,2
1890,1894,Undirected,12908,,,2
1891,1892,Undirected,12910,,,2
1891,1893,Undirected,12911,,,2
1891,1894,Undirected,12912,,,2
1892,1893,Undirected,12915,,,2
1892,1894,Undirected,12916,,,2
1893,1894,Undirected,12920,,,2
1895,1896,Undirected,12925,,,2
1895,1897,Undirected,12926,,,2
1896,1897,Undirected,12928,,,2
1898,1899,Undirected,12932,,,2
1898,1900,Undirected,12933,,,2
1898,1901,Undirected,12934,,,2
1899,1900,Undirected,12937,,,2
1899,1901,Undirected,12938,,,2
1900,1901,Undirected,12942,,,2
1902,1903,Undirected,12947,,,2
1902,1904,Undirected,12948,,,2
1903,1904,Undirected,12950,,,2
1905,1906,Undirected,12954,,,2
1905,1907,Undirected,12955,,,2
1905,1908,Undirected,12956,,,2
1906,1907,Undirected,12959,,,2
1906,1908,Undirected,12960,,,2
1907,1908,Undirected,12964,,,2
1909,1910,Undirected,12969,,,2
1909,1911,Undirected,12970,,,2
1909,1912,Undirected,12971,,,2
1909,1913,Undirected,12972,,,2
1910,1911,Undirected,12974,,,2
1910,1912,Undirected,12975,,,2
1910,1913,Undirected,12976,,,2
1911,1912,Undirected,12979,,,2
1911,1913,Undirected,12980,,,2
1912,1913,Undirected,12984,,,2
1914,1915,Undirected,12989,,,2
1914,1916,Undirected,12990,,,2
1914,1917,Undirected,12991,,,2
1915,1916,Undirected,12993,,,2
1915,1917,Undirected,12994,,,2
1916,1917,Undirected,12997,,,2
1918,1919,Undirected,13001,,,2
1918,1920,Undirected,13002,,,2
1919,1920,Undirected,13004,,,2
1922,1923,Undirected,13008,,,2
1922,1924,Undirected,13009,,,2
1923,1924,Undirected,13011,,,2
1925,1926,Undirected,13015,,,2
1925,1927,Undirected,13016,,,2
1926,1927,Undirected,13019,,,2
1928,1929,Undirected,13023,,,2
1928,1930,Undirected,13024,,,2
1928,1931,Undirected,13025,,,2
1928,1932,Undirected,13026,,,2
1929,1930,Undirected,13028,,,2
1929,1931,Undirected,13029,,,2
1929,1932,Undirected,13030,,,2
1930,1931,Undirected,13033,,,2
1930,1932,Undirected,13034,,,2
1931,1932,Undirected,13038,,,2
1933,1934,Undirected,13044,,,2
1935,1936,Undirected,13047,,,2
1937,1938,Undirected,13049,,,2
1937,1939,Undirected,13050,,,2
1937,1940,Undirected,13051,,,2
1937,1941,Undirected,13052,,,2
1938,1939,Undirected,13054,,,2
1938,1940,Undirected,13055,,,2
1938,1941,Undirected,13056,,,2
1939,1940,Undirected,13059,,,2
1939,1941,Undirected,13060,,,2
1940,1941,Undirected,13064,,,2
1942,1943,Undirected,13069,,,2
1942,1944,Undirected,13070,,,2
1942,1945,Undirected,13071,,,2
1942,1946,Undirected,13072,,,2
1943,1944,Undirected,13074,,,2
1943,1945,Undirected,13075,,,2
1943,1946,Undirected,13076,,,2
1944,1945,Undirected,13079,,,2
1944,1946,Undirected,13080,,,2
1945,1946,Undirected,13084,,,2
1948,1949,Undirected,13092,,,2
1948,1950,Undirected,13093,,,2
1948,1951,Undirected,13094,,,2
1949,1950,Undirected,13096,,,2
1949,1951,Undirected,13097,,,2
1950,1951,Undirected,13100,,,2
1952,1953,Undirected,13104,,,2
1954,1955,Undirected,13107,,,2
1954,1956,Undirected,13108,,,2
1954,1957,Undirected,13109,,,2
1955,1956,Undirected,13112,,,4
1955,1957,Undirected,13113,,,2
1955,1986,Undirected,13114,,,2
1955,1987,Undirected,13115,,,2
1955,1988,Undirected,13116,,,2
1956,1957,Undirected,13120,,,2
1956,1986,Undirected,13121,,,2
1956,1987,Undirected,13122,,,2
1956,1988,Undirected,13123,,,2
1958,1959,Undirected,13129,,,2
1958,1960,Undirected,13130,,,2
1959,1960,Undirected,13133,,,2
1961,1962,Undirected,13137,,,2
1961,1963,Undirected,13138,,,2
1961,1964,Undirected,13139,,,2
1961,1965,Undirected,13140,,,2
1962,1963,Undirected,13142,,,2
1962,1964,Undirected,13143,,,2
1962,1965,Undirected,13144,,,2
1963,1964,Undirected,13147,,,2
1963,1965,Undirected,13148,,,2
1964,1965,Undirected,13152,,,2
1966,1967,Undirected,13157,,,2
1966,1968,Undirected,13158,,,2
1966,1969,Undirected,13159,,,2
1967,1968,Undirected,13161,,,2
1967,1969,Undirected,13162,,,2
1968,1969,Undirected,13165,,,2
1970,1971,Undirected,13169,,,2
1970,1972,Undirected,13170,,,2
1970,1973,Undirected,13171,,,2
1970,1974,Undirected,13172,,,2
1971,1972,Undirected,13174,,,2
1971,1973,Undirected,13175,,,2
1971,1974,Undirected,13176,,,2
1972,1973,Undirected,13179,,,2
1972,1974,Undirected,13180,,,2
1973,1974,Undirected,13184,,,2
1975,1976,Undirected,13189,,,2
1975,1977,Undirected,13190,,,2
1975,1978,Undirected,13191,,,2
1975,1979,Undirected,13192,,,2
1976,1977,Undirected,13194,,,2
1976,1978,Undirected,13195,,,2
1976,1979,Undirected,13196,,,2
1977,1978,Undirected,13199,,,2
1977,1979,Undirected,13200,,,2
1978,1979,Undirected,13204,,,2
1981,1982,Undirected,13210,,,2
1981,1983,Undirected,13211,,,2
1981,1984,Undirected,13212,,,2
1981,1985,Undirected,13213,,,2
1982,1983,Undirected,13215,,,2
1982,1984,Undirected,13216,,,2
1982,1985,Undirected,13217,,,2
1983,1984,Undirected,13220,,,2
1983,1985,Undirected,13221,,,2
1984,1985,Undirected,13225,,,2
1986,1987,Undirected,13232,,,2
1986,1988,Undirected,13233,,,2
1987,1988,Undirected,13237,,,2
1989,1990,Undirected,13242,,,2
1989,1991,Undirected,13243,,,2
1990,1991,Undirected,13245,,,2
